name,lon1,lat1,lon2,lat2,dip,res,other3,other6,rake,rakeSig,rakeTog,other7,other8,other9,locking_depth,locking_depth_sig,locking_depth_flag,dip_sig,dip_flag,ss_rate,ss_rate_sig,ss_rate_flag,ds_rate,ds_rate_sig,ds_rate_flag,ts_rate,ts_rate_sig,ts_rate_flag,burial_depth,burial_depth_sig,burial_depth_flag,resolution_override,resolution_other,patch_file_name,patch_flag,patch_slip_file,patch_slip_flag,
"2sw_hokka                   ",140.401,42.526,140.272,42.795,45,100,0,0,0,0,0,0,0,0,15,5,0,1,0,0,1,0,1,1,0,0,1,0,15,5,0,0,0,-1,0,0,0,
"2sw_hokkba                  ",140.272,42.795,140.076,43.273,45,100,0,0,0,0,0,0,0,0,15,5,0,1,0,0,1,0,1,1,0,0,1,0,15,5,0,0,0,-1,0,0,0,
"aleun                       ",197.495,53.352,204.236,54.617,90,100,0,0,0,0,0,0,0,0,15,5,0,1,0,0,1,0,0,1,0,0,1,0,15,5,0,0,0,-1,0,0,0,
"alu_1                       ",164.025,55.235,171.72,52.086,90,100,0,0,0,0,0,0,0,0,15,5,0,5,0,0,1,0,0,1,0,0,1,0,0,5,0,0,0,-1,0,0,0,
"alu_2a                      ",171.72,52.086,177.518,50.703,90,100,0,0,0,0,0,0,0,0,15,5,0,5,0,0,1,0,0,1,0,0,1,0,0,5,0,0,0,-1,0,0,0,
"alu_2b                      ",177.518,50.703,179.415,50.516,90,100,0,0,0,0,0,0,0,0,15,5,0,5,0,0,1,0,0,1,0,0,1,0,0,5,0,0,0,-1,0,0,0,
"alu_3a                      ",179.415,50.516,182.605,50.462,90,100,0,0,0,0,0,0,0,0,15,5,0,5,0,0,1,0,0,1,0,0,1,0,0,5,0,0,0,-1,0,0,0,
"alu_3b                      ",182.605,50.462,189.276,51.312,90,100,0,0,0,0,0,0,0,0,15,5,0,5,0,0,1,0,0,1,0,0,1,0,0,5,0,0,0,-1,0,0,0,
"alu_4                       ",189.276,51.312,197.495,53.352,90,100,0,0,0,0,0,0,0,0,0,5,0,5,0,0,1,0,0,1,0,0,1,0,0,5,0,0,0,-1,0,0,0,
"amur-okh                    ",142.376,54.096,139.85,54.025,90,100,0,0,0,0,0,0,0,0,15,5,0,1,0,0,1,0,0,1,0,0,1,0,15,5,0,0,0,-1,0,0,0,
"amur1                       ",139.85,54.025,124.863,57.131,90,100,0,0,0,0,0,0,0,0,15,5,0,1,0,0,1,0,0,1,0,0,1,0,15,5,0,0,0,-1,0,0,0,
"amur10a                     ",117.645,39.763,120.971,41.129,90,100,0,0,0,0,0,0,0,0,15,5,0,1,0,0,1,0,0,1,0,0,1,0,15,5,0,0,0,-1,0,0,0,
"amur10b                     ",120.971,41.129,122.696,42.178,90,100,0,0,0,0,0,0,0,0,15,5,0,1,0,0,1,0,0,1,0,0,1,0,15,5,0,0,0,-1,0,0,0,
"amur11                      ",122.696,42.178,125.037,40.144,90,100,0,0,0,0,0,0,0,0,15,5,0,1,0,0,1,0,0,1,0,0,1,0,15,5,0,0,0,-1,0,0,0,
"amur12a                     ",125.037,40.144,126.022,36.84,90,100,0,0,0,0,0,0,0,0,15,5,0,1,0,0,1,0,0,1,0,0,1,0,15,5,0,0,0,-1,0,0,0,
"amur12b                     ",126.022,36.84,126.265,34.247,90,100,0,0,0,0,0,0,0,0,15,5,0,1,0,0,1,0,0,1,0,0,1,0,15,5,0,0,0,-1,0,0,0,
"amur2                       ",124.863,57.131,119.5,57.362,90,100,0,0,0,0,0,0,0,0,15,5,0,1,0,0,1,0,0,1,0,0,1,0,15,5,0,0,0,-1,0,0,0,
"amur3                       ",119.5,57.362,110.287,56.096,90,100,0,0,0,0,0,0,0,0,15,5,0,1,0,0,1,0,0,1,0,0,1,0,15,5,0,0,0,-1,0,0,0,
"amur4a                      ",110.287,56.096,108.912,54.83,90,100,0,0,0,0,0,0,0,0,15,5,0,1,0,0,1,0,0,1,0,0,1,0,15,5,0,0,0,-1,0,0,0,
"amur4b                      ",108.912,54.83,108.362,53.22,90,100,0,0,0,0,0,0,0,0,15,5,0,1,0,0,1,0,0,1,0,0,1,0,15,5,0,0,0,-1,0,0,0,
"amur5                       ",108.362,53.22,104.513,51.609,90,100,0,0,0,0,0,0,0,0,15,5,0,1,0,0,1,0,0,1,0,0,1,0,15,5,0,0,0,-1,0,0,0,
"amur6                       ",104.513,51.609,107.125,43.555,90,100,0,0,0,0,0,0,0,0,15,5,0,1,0,0,1,0,0,1,0,0,1,0,15,5,0,0,0,-1,0,0,0,
"amur7                       ",107.125,43.555,112.224,40.589,90,100,0,0,0,0,0,0,0,0,15,5,0,1,0,0,1,0,0,1,0,0,1,0,15,5,0,0,0,-1,0,0,0,
"amur8                       ",112.224,40.589,113.662,41.383,90,100,0,0,0,0,0,0,0,0,15,5,0,1,0,0,1,0,0,1,0,0,1,0,15,5,0,0,0,-1,0,0,0,
"amur9a                      ",113.662,41.383,115.14,40.907,90,100,0,0,0,0,0,0,0,0,15,5,0,1,0,0,1,0,0,1,0,0,1,0,15,5,0,0,0,-1,0,0,0,
"amur9b                      ",115.14,40.907,117.645,39.763,90,100,0,0,0,0,0,0,0,0,15,5,0,1,0,0,1,0,0,1,0,0,1,0,15,5,0,0,0,-1,0,0,0,
"arc1                        ",140.4,68.4,162.39,86.421,90,100,0,0,0,0,0,0,0,0,0,5,0,5,0,0,1,0,0,1,0,0,1,0,0,5,0,0,0,-1,0,0,0,
"arc2                        ",162.39,86.421,285.123,83.254,90,100,0,0,0,0,0,0,0,0,0,5,0,5,0,0,1,0,0,1,0,0,1,0,0,5,0,0,0,-1,0,0,0,
"arctic1a                    ",144.88,65.161,148.979,63.889,90,100,0,0,0,0,0,0,0,0,15,5,0,5,0,0,1,0,0,1,0,0,1,0,0,5,0,0,0,-1,0,0,0,
"arctic1b                    ",148.979,63.889,154.021,61.575,90,100,0,0,0,0,0,0,0,0,15,5,0,5,0,0,1,0,0,1,0,0,1,0,0,5,0,0,0,-1,0,0,0,
"arctic2a                    ",162.646,56.387,164.873,58.688,90,100,0,0,0,0,0,0,0,0,15,5,0,5,0,0,1,0,0,1,0,0,1,0,0,5,0,0,0,-1,0,0,0,
"arctic2b                    ",164.873,58.688,170.634,62.156,90,100,0,0,0,0,0,0,0,0,15,5,0,5,0,0,1,0,0,1,0,0,1,0,0,5,0,0,0,-1,0,0,0,
"arctic3                     ",154.021,61.575,170.634,62.156,90,100,0,0,0,0,0,0,0,0,15,5,0,5,0,0,1,0,0,1,0,0,1,0,0,5,0,0,0,-1,0,0,0,
"arctic_1a                   ",79.53,70.261,109.555,70.389,90,100,0,0,0,0,0,0,0,0,0,5,0,5,0,0,1,0,0,1,0,0,1,0,0,5,0,0,0,-1,0,0,0,
"arctic_1b                   ",109.555,70.389,140.4,68.4,90,100,0,0,0,0,0,0,0,0,0,5,0,5,0,0,1,0,0,1,0,0,1,0,0,5,0,0,0,-1,0,0,0,
"asddf                       ",140.808,42.375,140.497,42.22,90,100,0,0,0,0,0,0,0,0,5,5,0,1,0,0,1,0,0,1,0,0,1,0,15,5,0,0,0,-1,0,0,0,
"asdf                        ",139.598,39.419,139.6,40.02,90,100,0,0,0,0,0,0,0,0,15,5,0,1,0,0,1,0,0,1,0,0,1,0,15,5,0,0,0,-1,0,0,0,
"asdf                        ",131.263,33.412,131.236,33.208,90,100,0,0,0,0,0,0,0,0,15,5,0,1,0,0,1,0,0,1,0,0,1,0,15,5,0,0,0,-1,0,0,0,
"atotsugawaa                 ",136.898,36.211,136.975,36.254,90,100,0,0,0,0,0,0,0,0,15,5,0,1,0,0,1,0,0,1,0,0,1,0,15,5,0,0,0,-1,0,0,0,
"atotsugawabaa               ",136.975,36.254,137.097,36.303,90,100,0,0,0,0,0,0,0,0,15,5,0,1,0,0,1,0,0,1,0,0,1,0,15,5,0,0,0,-1,0,0,0,
"atotsugawabab               ",137.097,36.303,137.267,36.371,90,100,0,0,0,0,0,0,0,0,15,5,0,1,0,0,1,0,0,1,0,0,1,0,15,5,0,0,0,-1,0,0,0,
"atotsugawabba               ",137.267,36.371,137.537,36.466,90,100,0,0,0,0,0,0,0,0,15,5,0,1,0,0,1,0,0,1,0,0,1,0,15,5,0,0,0,-1,0,0,0,
"atotsugawabbb               ",137.537,36.466,137.843,36.562,90,100,0,0,0,0,0,0,0,0,15,5,0,1,0,0,1,0,0,1,0,0,1,0,15,5,0,0,0,-1,0,0,0,
"aus-pac2                    ",185.84,-15.18,158.7,-59.8,90,100,0,0,0,0,0,0,0,0,0,5,0,1,0,0,1,0,0,1,0,0,1,0,15,5,0,0,0,-1,0,0,0,
"beppu-schina                ",129.584,32.324,129.337,31.861,90,100,0,0,0,0,0,0,0,0,15,5,0,1,0,0,1,0,0,1,0,0,1,0,15,5,0,0,0,-1,0,0,0,
"beppu1a                     ",131.989,33.424,131.794,33.351,120,100,0,0,0,0,0,0,0,0,15,5,0,1,0,0,1,0,0,1,0,0,1,0,15,5,0,0,0,-1,0,0,0,
"bsgconn                     ",128.955,32.376,129.818,32.63,90,100,0,0,0,0,0,0,0,0,15,5,0,1,0,0,1,0,0,1,0,0,1,0,15,5,0,0,0,-1,0,0,0,
"c-nhonshu1                  ",139.879,36.85,139.899,36.991,135,100,0,0,0,0,0,0,0,0,15,5,0,1,0,0,1,0,0,1,0,0,1,0,15,5,0,0,0,-1,0,0,0,
"c-nhonshu5ba                ",140.847,40.765,140.765,41.04,45,100,0,0,0,0,0,0,0,0,15,5,0,1,0,0,1,0,0,1,0,0,1,0,15,5,0,0,0,-1,0,0,0,
"c-nhonshu5bb                ",140.765,41.04,140.706,41.409,45,100,0,0,0,0,0,0,0,0,15,5,0,1,0,0,1,0,0,1,0,0,1,0,15,5,0,0,0,-1,0,0,0,
"cross_eurasia_1             ",69.484,38.742,79.53,70.261,90,100,0,0,0,0,0,0,0,0,0,5,0,5,0,0,1,0,0,1,0,0,1,0,0,5,0,0,0,-1,0,0,0,
"cross_tibet_1a              ",69.484,38.742,70.704,36.661,90,100,0,0,0,0,0,0,0,0,0,5,0,5,0,0,1,0,0,1,0,0,1,0,0,5,0,0,0,-1,0,0,0,
"cross_tibet_1b              ",70.704,36.661,71.925,34.581,90,100,0,0,0,0,0,0,0,0,0,5,0,5,0,0,1,0,0,1,0,0,1,0,0,5,0,0,0,-1,0,0,0,
"e-izu-mp                    ",139.225,35.028,139.194,35.241,70,100,0,0,0,0,0,0,0,0,15,5,0,1,0,0,1,0,0,1,0,0,1,0,15,5,0,0,0,-1,0,0,0,
"eastern-mtla                ",134.768,34.195,135.052,34.236,90,100,0,0,0,0,0,0,0,0,15,5,0,1,0,0,1,0,0,1,0,0,1,0,15,5,0,0,0,-1,0,0,0,
"eastern-mtlba               ",135.052,34.236,135.444,34.304,90,100,0,0,0,0,0,0,0,0,15,5,0,1,0,0,1,0,0,1,0,0,1,0,15,5,0,0,0,-1,0,0,0,
"eastern-mtlbbaa             ",135.444,34.304,135.602,34.345,90,100,0,0,0,0,0,0,0,0,15,5,0,1,0,0,1,0,0,1,0,0,1,0,15,5,0,0,0,-1,0,0,0,
"eastern-mtlbbaba            ",135.602,34.345,135.693,34.375,90,100,0,0,0,0,0,0,0,0,15,5,0,1,0,0,1,0,0,1,0,0,1,0,15,5,0,0,0,-1,0,0,0,
"eastern-mtlbbabb            ",135.693,34.375,135.915,34.503,90,100,0,0,0,0,0,0,0,0,15,5,0,1,0,0,1,0,0,1,0,0,1,0,15,5,0,0,0,-1,0,0,0,
"eastern-mtlbbbaaa           ",135.915,34.503,135.997,34.548,90,100,0,0,0,0,0,0,0,0,15,5,0,1,0,0,1,0,0,1,0,0,1,0,15,5,0,0,0,-1,0,0,0,
"eastern-mtlbbbaab           ",135.997,34.548,136.107,34.632,90,100,0,0,0,0,0,0,0,0,15,5,0,1,0,0,1,0,0,1,0,0,1,0,15,5,0,0,0,-1,0,0,0,
"eastern-mtlbbbab            ",136.107,34.632,136.221,34.696,90,100,0,0,0,0,0,0,0,0,15,5,0,1,0,0,1,0,0,1,0,0,1,0,15,5,0,0,0,-1,0,0,0,
"eastern-mtlbbbbaaa          ",136.221,34.696,136.376,34.754,90,100,0,0,0,0,0,0,0,0,15,5,0,1,0,0,1,0,0,1,0,0,1,0,15,5,0,0,0,-1,0,0,0,
"eastern-mtlbbbbaab          ",136.376,34.754,136.55,34.794,90,100,0,0,0,0,0,0,0,0,15,5,0,1,0,0,1,0,0,1,0,0,1,0,15,5,0,0,0,-1,0,0,0,
"eastern-mtlbbbbab           ",136.55,34.794,136.977,35.013,90,100,0,0,0,0,0,0,0,0,15,5,0,1,0,0,1,0,0,1,0,0,1,0,15,5,0,0,0,-1,0,0,0,
"eastern-mtlbbbbbaaa         ",136.977,35.013,137.2,35.203,90,100,0,0,0,0,0,0,0,0,15,5,0,1,0,0,1,0,0,1,0,0,1,0,15,5,0,0,0,-1,0,0,0,
"eastern-mtlbbbbbaab         ",137.2,35.203,137.377,35.317,90,100,0,0,0,0,0,0,0,0,15,5,0,1,0,0,1,0,0,1,0,0,1,0,15,5,0,0,0,-1,0,0,0,
"eastern-mtlbbbbbab          ",137.377,35.317,137.563,35.415,90,100,0,0,0,0,0,0,0,0,15,5,0,1,0,0,1,0,0,1,0,0,1,0,15,5,0,0,0,-1,0,0,0,
"eastern-mtlbbbbbbaa         ",137.563,35.415,137.684,35.449,90,100,0,0,0,0,0,0,0,0,15,5,0,1,0,0,1,0,0,1,0,0,1,0,15,5,0,0,0,-1,0,0,0,
"eastern-mtlbbbbbbab         ",137.684,35.449,137.861,35.558,90,100,0,0,0,0,0,0,0,0,15,5,0,1,0,0,1,0,0,1,0,0,1,0,15,5,0,0,0,-1,0,0,0,
"eastern-mtlbbbbbbbaa        ",137.861,35.558,137.94,35.646,90,100,0,0,0,0,0,0,0,0,15,5,0,1,0,0,1,0,0,1,0,0,1,0,15,5,0,0,0,-1,0,0,0,
"eastern-mtlbbbbbbbab        ",137.94,35.646,138.037,35.76,90,100,0,0,0,0,0,0,0,0,15,5,0,1,0,0,1,0,0,1,0,0,1,0,15,5,0,0,0,-1,0,0,0,
"eastern-mtlbbbbbbbb         ",138.037,35.76,138.078,36.015,90,100,0,0,0,0,0,0,0,0,15,5,0,1,0,0,1,0,0,1,0,0,1,0,15,5,0,0,0,-1,0,0,0,
"eu_phil_1aaa                ",133.802,31.789,134.238,32.039,165,100,0,0,0,0,0,0,0,0,25,5,0,5,0,0,1,0,0,1,0,0,1,0,0,5,0,0,0,0,1,0,0,
"eu_phil_1aaba               ",134.238,32.039,134.568,32.202,165,100,0,0,0,0,0,0,0,0,25,5,0,5,0,0,1,0,0,1,0,0,1,0,0,5,0,0,0,0,1,0,0,
"eu_phil_1aabbaa             ",134.568,32.202,134.823,32.289,165,100,0,0,0,0,0,0,0,0,25,5,0,5,0,0,1,0,0,1,0,0,1,0,0,5,0,0,0,0,1,0,0,
"eu_phil_1aabbab             ",134.823,32.289,134.943,32.385,165,100,0,0,0,0,0,0,0,0,25,5,0,5,0,0,1,0,0,1,0,0,1,0,0,5,0,0,0,0,1,0,0,
"eu_phil_1aabbb              ",134.943,32.385,135.007,32.527,165,100,0,0,0,0,0,0,0,0,25,5,0,5,0,0,1,0,0,1,0,0,1,0,0,5,0,0,0,0,1,0,0,
"eu_phil_1abaaa              ",135.007,32.527,135.157,32.594,165,100,0,0,0,0,0,0,0,0,30,5,0,5,0,0,1,0,0,1,0,0,1,0,0,5,0,0,0,0,1,0,0,
"eu_phil_1abaaba             ",135.157,32.594,135.285,32.609,165,100,0,0,0,0,0,0,0,0,30,5,0,5,0,0,1,0,0,1,0,0,1,0,0,5,0,0,0,0,1,0,0,
"eu_phil_1abaabb             ",135.285,32.609,135.487,32.616,165,100,0,0,0,0,0,0,0,0,30,5,0,5,0,0,1,0,0,1,0,0,1,0,0,5,0,0,0,0,1,0,0,
"eu_phil_1ababaaa            ",135.487,32.616,135.859,32.669,165,100,0,0,0,0,0,0,0,0,30,5,0,5,0,0,1,0,0,1,0,0,1,0,0,5,0,0,0,0,1,0,0,
"eu_phil_1ababaab            ",135.859,32.669,136.103,32.729,165,100,0,0,0,0,0,0,0,0,30,5,0,5,0,0,1,0,0,1,0,0,1,0,0,5,0,0,0,0,1,0,0,
"eu_phil_1ababab             ",136.103,32.729,136.29,32.796,165,100,0,0,0,0,0,0,0,0,30,5,0,5,0,0,1,0,0,1,0,0,1,0,0,5,0,0,0,0,1,0,0,
"eu_phil_1ababba             ",136.29,32.796,136.422,32.805,165,100,0,0,0,0,0,0,0,0,30,5,0,5,0,0,1,0,0,1,0,0,1,0,0,5,0,0,0,0,1,0,0,
"eu_phil_1ababbba            ",136.422,32.805,136.508,32.83,165,100,0,0,0,0,0,0,0,0,30,5,0,5,0,0,1,0,0,1,0,0,1,0,0,5,0,0,0,0,1,0,0,
"eu_phil_1ababbbba           ",136.508,32.83,136.793,32.941,165,100,0,0,0,0,0,0,0,0,30,5,0,5,0,0,1,0,0,1,0,0,1,0,0,5,0,0,0,0,1,0,0,
"eu_phil_1ababbbbba          ",136.793,32.941,136.902,33.001,165,100,0,0,0,0,0,0,0,0,30,5,0,5,0,0,1,0,0,1,0,0,1,0,0,5,0,0,0,0,1,0,0,
"eu_phil_1ababbbbbb          ",136.902,33.001,137.078,33.045,165,100,0,0,0,0,0,0,0,0,30,5,0,5,0,0,1,0,0,1,0,0,1,0,0,5,0,0,0,0,1,0,0,
"eu_phil_1abbaa              ",137.078,33.045,137.24,33.174,160,100,0,0,0,0,0,0,0,0,30,5,0,5,0,0,1,0,0,1,0,0,1,0,0,5,0,0,0,0,1,0,0,
"eu_phil_1abbab              ",137.24,33.174,137.45,33.253,160,100,0,0,0,0,0,0,0,0,30,5,0,5,0,0,1,0,0,1,0,0,1,0,0,5,0,0,0,0,1,0,0,
"eu_phil_1abbbaa             ",137.45,33.253,137.652,33.35,160,100,0,0,0,0,0,0,0,0,30,5,0,5,0,0,1,0,0,1,0,0,1,0,0,5,0,0,0,0,1,0,0,
"eu_phil_1abbbab             ",137.652,33.35,137.72,33.372,160,100,0,0,0,0,0,0,0,0,30,5,0,5,0,0,1,0,0,1,0,0,1,0,0,5,0,0,0,0,1,0,0,
"eu_phil_1abbbba             ",137.72,33.372,137.803,33.438,160,100,0,0,0,0,0,0,0,0,30,5,0,5,0,0,1,0,0,1,0,0,1,0,0,5,0,0,0,0,1,0,0,
"eu_phil_1abbbbba            ",137.803,33.438,137.915,33.563,160,100,0,0,0,0,0,0,0,0,30,5,0,5,0,0,1,0,0,1,0,0,1,0,0,5,0,0,0,0,1,0,0,
"eu_phil_1abbbbbb            ",137.915,33.563,138.058,33.669,160,100,0,0,0,0,0,0,0,0,30,5,0,5,0,0,1,0,0,1,0,0,1,0,0,5,0,0,0,0,1,0,0,
"eu_phil_1baaa               ",138.058,33.669,138.178,33.785,155,100,0,0,0,0,0,0,0,0,30,5,0,5,0,0,1,0,0,1,0,0,1,0,0,5,0,0,0,0,1,0,0,
"eu_phil_1baab               ",138.178,33.785,138.362,33.885,155,100,0,0,0,0,0,0,0,0,30,5,0,5,0,0,1,0,0,1,0,0,1,0,0,5,0,0,0,0,1,0,0,
"eu_phil_1baba               ",138.362,33.885,138.467,34.041,155,100,0,0,0,0,0,0,0,0,30,5,0,5,0,0,1,0,0,1,0,0,1,0,0,5,0,0,0,0,1,0,0,
"eu_phil_1babb               ",138.467,34.041,138.533,34.404,155,100,0,0,0,0,0,0,0,0,30,5,0,5,0,0,1,0,0,1,0,0,1,0,0,5,0,0,0,0,1,0,0,
"eu_phil_1bbaaaa             ",138.533,34.404,138.587,34.587,155,100,0,0,0,0,0,0,0,0,23,5,0,5,0,0,1,0,0,1,0,0,1,0,0,5,0,0,0,0,1,0,0,
"eu_phil_1bbaaab             ",138.587,34.587,138.602,34.747,155,100,0,0,0,0,0,0,0,0,23,5,0,5,0,0,1,0,0,1,0,0,1,0,0,5,0,0,0,0,1,0,0,
"eu_phil_1bbaaba             ",138.602,34.747,138.624,34.886,155,100,0,0,0,0,0,0,0,0,23,5,0,5,0,0,1,0,0,1,0,0,1,0,0,5,0,0,0,0,1,0,0,
"eu_phil_1bbaabb             ",138.624,34.886,138.636,35.081,155,100,0,0,0,0,0,0,0,0,23,5,0,5,0,0,1,0,0,1,0,0,1,0,0,5,0,0,0,0,1,0,0,
"eu_phil_1bbab               ",138.636,35.081,138.594,35.204,45,100,0,0,0,0,0,0,0,0,20,5,0,5,0,0,1,0,0,1,0,0,1,0,0,5,0,0,0,-1,0,0,0,
"eu_phil_1bbba               ",138.594,35.204,138.547,35.297,45,100,0,0,0,0,0,0,0,0,15,5,0,5,0,0,1,0,0,1,0,0,1,0,0,5,0,0,0,-1,0,0,0,
"eu_phil_1bbbb               ",138.547,35.297,138.484,35.543,45,100,0,0,0,0,0,0,0,0,15,5,0,5,0,0,1,0,0,1,0,0,1,0,0,5,0,0,0,-1,0,0,0,
"eu_phil_2aa                 ",131.826,29.509,132.656,30.391,155,100,0,0,0,0,0,0,0,0,0,1,0,5,0,0,1,0,0,1,0,0,1,0,0,5,0,0,0,-1,0,0,0,
"eu_phil_2ab                 ",132.656,30.391,132.677,30.662,155,100,0,0,0,0,0,0,0,0,0,1,0,5,0,0,1,0,0,1,0,0,1,0,0,5,0,0,0,0,1,0,0,
"eu_phil_2ba                 ",132.677,30.662,132.812,30.975,155,100,0,0,0,0,0,0,0,0,0,1,0,5,0,0,1,0,0,1,0,0,1,0,0,5,0,0,0,0,1,0,0,
"eu_phil_2bbaa               ",132.812,30.975,133.217,31.251,155,100,0,0,0,0,0,0,0,0,0,1,0,5,0,0,1,0,0,1,0,0,1,0,0,5,0,0,0,0,1,0,0,
"eu_phil_2bbab               ",133.217,31.251,133.337,31.526,155,100,0,0,0,0,0,0,0,0,30,1,0,5,0,0,1,0,0,1,0,0,1,0,0,5,0,0,0,0,1,0,0,
"eu_phil_2bbb                ",133.337,31.526,133.802,31.789,155,100,0,0,0,0,0,0,0,0,30,1,0,5,0,0,1,0,0,1,0,0,1,0,0,5,0,0,0,0,1,0,0,
"eu_phil_3a                  ",121.449,22.906,121.776,24.283,25,100,0,0,0,0,0,0,0,0,30,5,0,5,0,0,1,0,80,1,0,0,1,0,0,5,0,0,0,-1,0,0,0,
"eu_phil_3baba               ",122.975,23.434,123.803,23.409,155,100,0,0,0,0,0,0,0,0,0,1,0,5,0,0,1,0,0,1,0,0,1,0,0,5,0,0,0,-1,0,0,0,
"eu_phil_3babbaa             ",123.803,23.409,124.26,23.402,155,100,0,0,0,0,0,0,0,0,0,1,0,5,0,0,1,0,0,1,0,0,1,0,0,5,0,0,0,-1,0,0,0,
"eu_phil_3babbab             ",124.26,23.402,124.717,23.396,155,100,0,0,0,0,0,0,0,0,0,1,0,5,0,0,1,0,0,1,0,0,1,0,0,5,0,0,0,-1,0,0,0,
"eu_phil_3babbb              ",124.717,23.396,125.631,23.384,155,100,0,0,0,0,0,0,0,0,0,1,0,5,0,0,1,0,0,1,0,0,1,0,0,5,0,0,0,-1,0,0,0,
"eu_phil_3bbaaaa             ",125.631,23.384,126.188,23.671,155,100,0,0,0,0,0,0,0,0,0,1,0,5,0,0,1,0,0,1,0,0,1,0,0,5,0,0,0,-1,0,0,0,
"eu_phil_3bbaaab             ",126.188,23.671,126.744,23.958,155,100,0,0,0,0,0,0,0,0,0,1,0,5,0,0,1,0,0,1,0,0,1,0,0,5,0,0,0,-1,0,0,0,
"eu_phil_3bbaab              ",126.744,23.958,127.429,24.508,155,100,0,0,0,0,0,0,0,0,0,1,0,5,0,0,1,0,0,1,0,0,1,0,0,5,0,0,0,-1,0,0,0,
"eu_phil_3bbabaa             ",127.429,24.508,127.943,24.951,155,100,0,0,0,0,0,0,0,0,0,1,0,5,0,0,1,0,0,1,0,0,1,0,0,5,0,0,0,-1,1,0,0,
"eu_phil_3bbabab             ",127.943,24.951,128.457,25.395,155,100,0,0,0,0,0,0,0,0,0,1,0,5,0,0,1,0,0,1,0,0,1,0,0,5,0,0,0,-1,0,0,0,
"eu_phil_3bbabba             ",128.457,25.395,128.971,25.838,155,100,0,0,0,0,0,0,0,0,0,1,0,5,0,0,1,0,0,1,0,0,1,0,0,5,0,0,0,-1,0,0,0,
"eu_phil_3bbabbb             ",128.971,25.838,129.485,26.281,155,100,0,0,0,0,0,0,0,0,0,1,0,5,0,0,1,0,0,1,0,0,1,0,0,5,0,0,0,-1,0,0,0,
"eu_phil_3bbbaaaa            ",129.485,26.281,130,26.986,155,100,0,0,0,0,0,0,0,0,0,1,0,5,0,0,1,0,0,1,0,0,1,0,0,5,0,0,0,-1,0,0,0,
"eu_phil_3bbbaaab            ",130,26.986,130.515,27.691,155,100,0,0,0,0,0,0,0,0,0,1,0,5,0,0,1,0,0,1,0,0,1,0,0,5,0,0,0,-1,0,0,0,
"eu_phil_3bbbaab             ",130.515,27.691,130.654,28.131,155,100,0,0,0,0,0,0,0,0,0,1,0,5,0,0,1,0,0,1,0,0,1,0,0,5,0,0,0,-1,0,0,0,
"eu_phil_3bbbab              ",130.654,28.131,131.227,28.404,155,100,0,0,0,0,0,0,0,0,0,1,0,5,0,0,1,0,0,1,0,0,1,0,0,5,0,0,0,-1,0,0,0,
"eu_phil_3bbbba              ",131.227,28.404,131.526,28.956,155,100,0,0,0,0,0,0,0,0,0,1,0,5,0,0,1,0,0,1,0,0,1,0,0,5,0,0,0,-1,0,0,0,
"eu_phil_3bbbbb              ",131.526,28.956,131.826,29.509,155,100,0,0,0,0,0,0,0,0,0,1,0,5,0,0,1,0,0,1,0,0,1,0,0,5,0,0,0,-1,0,0,0,
"eu_phil_4a                  ",119.174,16.681,120.449,19.844,25,100,0,0,0,0,0,0,0,0,0,5,0,5,0,0,1,0,0,1,0,0,1,0,0,5,0,0,0,-1,0,0,0,
"eu_phil_4ba                 ",120.449,19.844,120.705,21.738,25,100,0,0,0,0,0,0,0,0,0,5,0,5,0,0,1,0,0,1,0,0,1,0,0,5,0,0,0,-1,0,0,0,
"eu_phil_4bb                 ",120.705,21.738,121.449,22.906,25,100,0,0,0,0,0,0,0,0,30,5,0,5,0,0,1,0,0,1,0,0,1,0,0,5,0,0,0,-1,0,0,0,
"eu_phil_5                   ",119.174,16.681,124.987,14.687,90,100,0,0,0,0,0,0,0,0,0,5,0,5,0,0,1,0,0,1,0,0,1,0,0,5,0,0,0,-1,0,0,0,
"eu_phil_6                   ",124.987,14.687,127.104,4.015,90,100,0,0,0,0,0,0,0,0,0,5,0,5,0,0,1,0,0,1,0,0,1,0,0,5,0,0,0,-1,0,0,0,
"frontal_thrustaaa           ",71.925,34.581,74.859,32.872,160,100,0,0,0,0,0,0,0,0,0,5,0,5,0,0,1,0,0,1,0,0,1,0,0,5,0,0,0,-1,0,0,0,
"frontal_thrustaab           ",74.859,32.872,80.96,28.512,160,100,0,0,0,0,0,0,0,0,0,5,0,5,0,0,1,0,0,1,0,0,1,0,0,5,0,0,0,-1,0,0,0,
"frontal_thrustab            ",80.96,28.512,85.675,26.987,160,100,0,0,0,0,0,0,0,0,0,5,0,5,0,0,1,0,0,1,0,0,1,0,0,5,0,0,0,-1,0,0,0,
"frontal_thrustba            ",85.675,26.987,93.1,26.872,160,100,0,0,0,0,0,0,0,0,0,5,0,5,0,0,1,0,0,1,0,0,1,0,0,5,0,0,0,-1,0,0,0,
"frontal_thrustbba           ",93.1,26.872,94.613,27.907,160,100,0,0,0,0,0,0,0,0,0,5,0,5,0,0,1,0,0,1,0,0,1,0,0,5,0,0,0,-1,0,0,0,
"frontal_thrustbbb           ",94.613,27.907,97.225,28.023,90,100,0,0,0,0,0,0,0,0,0,5,0,5,0,0,1,0,0,1,0,0,1,0,0,5,0,0,0,-1,0,0,0,
"hidakaaaa                   ",144.65,40.994,144.363,41.22,135,100,0,0,0,0,0,0,0,0,15,5,0,1,0,0,1,0,0,1,0,0,1,0,15,5,0,0,0,-1,0,0,0,
"hidakaaab                   ",144.363,41.22,143.998,41.537,135,100,0,0,0,0,0,0,0,0,15,5,0,1,0,0,1,0,0,1,0,0,1,0,15,5,0,0,0,-1,0,0,0,
"hidakaabaa                  ",143.998,41.537,143.858,41.627,135,100,0,0,0,0,0,0,0,0,15,5,0,1,0,0,1,0,0,1,0,0,1,0,15,5,0,0,0,-1,0,0,0,
"hidakaabab                  ",143.858,41.627,143.653,41.764,135,100,0,0,0,0,0,0,0,0,15,5,0,1,0,0,1,0,0,1,0,0,1,0,15,5,0,0,0,-1,0,0,0,
"hidakaabba                  ",143.653,41.764,143.313,41.994,135,100,0,0,0,0,0,0,0,0,15,5,0,1,0,0,1,0,0,1,0,0,1,0,15,5,0,0,0,-1,0,0,0,
"hidakaabbbaab               ",141.941,42.628,141.839,42.696,135,100,0,0,0,0,0,0,0,0,15,5,0,1,0,0,1,0,0,1,0,0,1,0,15,5,0,0,0,-1,0,0,0,
"hidakaabbbab                ",141.839,42.696,141.769,42.78,135,100,0,0,0,0,0,0,0,0,15,5,0,1,0,0,1,0,0,1,0,0,1,0,15,5,0,0,0,-1,0,0,0,
"hiraaaa                     ",135.876,35.058,135.918,35.21,135,100,0,0,0,0,0,0,0,0,15,5,0,1,0,0,1,0,0,1,0,0,1,0,15,5,0,0,0,-1,0,0,0,
"hiraaab                     ",135.918,35.21,136.016,35.279,135,100,0,0,0,0,0,0,0,0,15,5,0,1,0,0,1,0,0,1,0,0,1,0,15,5,0,0,0,-1,0,0,0,
"hiraaba                     ",136.016,35.279,136.032,35.367,135,100,0,0,0,0,0,0,0,0,15,5,0,1,0,0,1,0,0,1,0,0,1,0,15,5,0,0,0,-1,0,0,0,
"hiraabb                     ",136.032,35.367,136.025,35.49,45,100,0,0,0,0,0,0,0,0,15,5,0,1,0,0,1,0,0,1,0,0,1,0,15,5,0,0,0,-1,0,0,0,
"hiraba                      ",136.025,35.49,136.05,35.574,135,100,0,0,0,0,0,0,0,0,15,5,0,1,0,0,1,0,0,1,0,0,1,0,15,5,0,0,0,-1,0,0,0,
"hirabb                      ",136.05,35.574,136.133,35.711,135,100,0,0,0,0,0,0,0,0,15,5,0,1,0,0,1,0,0,1,0,0,1,0,15,5,0,0,0,-1,0,0,0,
"hokk-sakhalinaaa            ",141.754,42.843,141.769,42.78,135,100,0,0,0,0,0,0,0,0,15,5,0,1,0,0,1,0,0,1,0,0,1,0,15,5,0,0,0,-1,0,0,0,
"hokk-sakhalinaaba           ",141.754,42.843,141.733,42.941,150,100,0,0,0,0,0,0,0,0,15,5,0,1,0,0,1,0,0,1,0,0,1,0,15,5,0,0,0,-1,0,0,0,
"hokk-sakhalinaabb           ",141.733,42.941,141.74,43.075,30,100,0,0,0,0,0,0,0,0,15,5,0,1,0,0,1,0,0,1,0,0,1,0,15,5,0,0,0,-1,0,0,0,
"hokk-sakhalinaba            ",141.74,43.075,141.8,43.244,30,100,0,0,0,0,0,0,0,0,15,5,0,1,0,0,1,0,0,1,0,0,1,0,15,5,0,0,0,-1,0,0,0,
"hokk-sakhalinabbaa          ",141.8,43.244,141.847,43.538,45,100,0,0,0,0,0,0,0,0,15,5,0,1,0,0,1,0,0,1,0,0,1,0,15,5,0,0,0,-1,0,0,0,
"hokk-sakhalinabbab          ",141.847,43.538,141.91,43.809,45,100,0,0,0,0,0,0,0,0,15,5,0,1,0,0,1,0,0,1,0,0,1,0,15,5,0,0,0,-1,0,0,0,
"hokk-sakhalinabbb           ",141.91,43.809,141.972,44.442,45,100,0,0,0,0,0,0,0,0,15,5,0,1,0,0,1,0,0,1,0,0,1,0,15,5,0,0,0,-1,0,0,0,
"hokk-sakhalinbaaaa          ",141.972,44.442,141.964,44.683,135,100,0,0,0,0,0,0,0,0,15,5,0,1,0,0,1,0,0,1,0,0,1,0,15,5,0,0,0,-1,0,0,0,
"hokk-sakhalinbaaaba         ",141.964,44.683,141.949,44.866,135,100,0,0,0,0,0,0,0,0,15,5,0,1,0,0,1,0,0,1,0,0,1,0,15,5,0,0,0,-1,0,0,0,
"hokk-sakhalinbaaabb         ",141.949,44.866,141.925,44.968,135,100,0,0,0,0,0,0,0,0,15,5,0,1,0,0,1,0,0,1,0,0,1,0,15,5,0,0,0,-1,0,0,0,
"hokk-sakhalinbaab           ",141.925,44.968,141.886,45.166,135,100,0,0,0,0,0,0,0,0,15,5,0,1,0,0,1,0,0,1,0,0,1,0,15,5,0,0,0,-1,0,0,0,
"hokk-sakhalinbab            ",141.886,45.166,141.846,45.431,135,100,0,0,0,0,0,0,0,0,15,5,0,1,0,0,1,0,0,1,0,0,1,0,15,5,0,0,0,-1,0,0,0,
"hokk-sakhalinbba            ",141.846,45.431,141.448,46.555,90,100,0,0,0,0,0,0,0,0,15,5,0,1,0,0,1,0,0,1,0,0,1,0,15,5,0,0,0,-1,0,0,0,
"hokk-sakhalinbbb            ",141.448,46.555,141.276,46.92,90,100,0,0,0,0,0,0,0,0,15,5,0,1,0,0,1,0,0,1,0,0,1,0,15,5,0,0,0,-1,0,0,0,
"hokk_japseaaa               ",140.706,41.409,140.698,41.453,45,100,0,0,0,0,0,0,0,0,15,5,0,1,0,0,1,0,0,1,0,0,1,0,15,5,0,0,0,-1,0,0,0,
"hokk_japseaaba              ",140.698,41.453,140.497,42.22,45,100,0,0,0,0,0,0,0,0,15,5,0,1,0,0,1,0,1,1,0,0,1,0,15,5,0,0,0,-1,0,0,0,
"hokk_japseaabba             ",140.497,42.22,140.471,42.292,45,100,0,0,0,0,0,0,0,0,15,5,0,1,0,0,1,0,1,1,0,0,1,0,15,5,0,0,0,-1,0,0,0,
"hokk_japseaabbb             ",140.471,42.292,140.401,42.526,45,100,0,0,0,0,0,0,0,0,15,5,0,1,0,0,1,0,1,1,0,0,1,0,15,5,0,0,0,-1,0,0,0,
"imp_east2b                  ",139.225,35.028,139.169,34.519,70,100,0,0,0,0,0,0,0,0,15,5,0,1,0,0,1,0,0,1,0,0,1,0,15,5,0,0,0,-1,0,0,0,
"imp_eastaa                  ",137.803,33.438,138.718,33.705,90,100,0,0,0,0,0,0,0,0,15,5,0,1,0,0,1,0,0,1,0,0,1,0,15,5,0,0,0,-1,0,0,0,
"imp_eastab                  ",138.718,33.705,138.98,33.992,90,100,0,0,0,0,0,0,0,0,15,5,0,1,0,0,1,0,0,1,0,0,1,0,15,5,0,0,0,-1,0,0,0,
"imp_eastb                   ",138.98,33.992,139.169,34.519,110,100,0,0,0,0,0,0,0,0,15,5,0,1,0,0,1,0,0,1,0,0,1,0,15,5,0,0,0,-1,0,0,0,
"ishikari                    ",141.941,42.628,142.112,42.462,135,100,0,0,0,0,0,0,0,0,15,5,0,1,0,0,1,0,0,1,0,0,1,0,15,5,0,0,0,-1,0,0,0,
"istl_conna                  ",137.85,37.094,137.919,37.329,90,100,0,0,0,0,0,0,0,0,15,5,0,1,0,0,1,0,0,1,0,0,1,0,15,5,0,0,0,-1,0,0,0,
"istl_connb                  ",137.919,37.329,138.534,37.923,90,100,0,0,0,0,0,0,0,0,15,5,0,1,0,0,1,0,0,1,0,0,1,0,15,5,0,0,0,-1,0,0,0,
"istlaa                      ",138.078,36.015,138.181,35.957,90,100,0,0,0,0,0,0,0,0,15,5,0,1,0,0,1,0,0,1,0,0,1,0,15,5,0,0,0,-1,0,0,0,
"istlaba                     ",138.181,35.957,138.288,35.858,90,100,0,0,0,0,0,0,0,0,15,5,0,1,0,0,1,0,0,1,0,0,1,0,15,5,0,0,0,-1,0,0,0,
"istlabb                     ",138.288,35.858,138.395,35.76,45,100,0,0,0,0,0,0,0,0,15,5,0,1,0,0,1,0,0,1,0,0,1,0,15,5,0,0,0,-1,0,0,0,
"istlba                      ",138.395,35.76,138.442,35.653,30,100,0,0,0,0,0,0,0,0,15,5,0,1,0,0,1,0,0,1,0,0,1,0,15,5,0,0,0,-1,0,0,0,
"istlbb                      ",138.442,35.653,138.484,35.543,30,100,0,0,0,0,0,0,0,0,15,5,0,1,0,0,1,0,0,1,0,0,1,0,15,5,0,0,0,-1,0,0,0,
"j_back_arc_2aa              ",137.884,36.437,137.934,36.273,135,100,0,0,0,0,0,0,0,0,15,5,0,5,0,0,1,0,0,1,0,0,1,0,0,5,0,0,0,-1,0,0,0,
"j_back_arc_2abaa            ",137.934,36.273,137.99,36.175,90,100,0,0,0,0,0,0,0,0,15,5,0,5,0,0,1,0,0,1,0,0,1,0,0,5,0,0,0,-1,0,0,0,
"j_back_arc_2abab            ",137.99,36.175,138.047,36.078,90,100,0,0,0,0,0,0,0,0,15,5,0,5,0,0,1,0,0,1,0,0,1,0,0,5,0,0,0,-1,0,0,0,
"j_back_arc_2abb             ",138.047,36.078,138.078,36.015,90,100,0,0,0,0,0,0,0,0,15,5,0,5,0,0,1,0,0,1,0,0,1,0,0,5,0,0,0,-1,0,0,0,
"j_back_arc_2baaaaa          ",137.884,36.437,137.843,36.562,135,100,0,0,0,0,0,0,0,0,15,5,0,5,0,0,1,0,0,1,0,0,1,0,0,5,0,0,0,-1,0,0,0,
"j_back_arc_2baaaab          ",137.843,36.562,137.856,36.691,45,100,0,0,0,0,0,0,0,0,15,5,0,5,0,0,1,0,0,1,0,0,1,0,0,5,0,0,0,-1,0,0,0,
"j_back_arc_2baaaba          ",137.856,36.691,137.86,36.883,45,100,0,0,0,0,0,0,0,0,15,5,0,5,0,0,1,0,0,1,0,0,1,0,0,5,0,0,0,-1,0,0,0,
"j_back_arc_2baaabb          ",137.86,36.883,137.85,37.094,90,100,0,0,0,0,0,0,0,0,15,5,0,5,0,0,1,0,0,1,0,0,1,0,0,5,0,0,0,-1,0,0,0,
"j_back_arc_2babaa           ",138.534,37.923,138.534,38.14,90,100,0,0,0,0,0,0,0,0,35,5,0,5,0,0,1,0,0,1,0,0,1,0,0,5,0,0,0,-1,0,0,0,
"j_back_arc_2babab           ",138.534,38.14,138.601,38.461,90,100,0,0,0,0,0,0,0,0,35,5,0,5,0,0,1,0,0,1,0,0,1,0,0,5,0,0,0,-1,0,0,0,
"j_back_arc_2babbaa          ",138.601,38.461,138.872,38.911,90,100,0,0,0,0,0,0,0,0,40,5,0,5,0,0,1,0,0,1,0,0,1,0,0,5,0,0,0,-1,0,0,0,
"j_back_arc_2babbab          ",138.872,38.911,139.149,39.321,90,100,0,0,0,0,0,0,0,0,40,5,0,5,0,0,1,0,0,1,0,0,1,0,0,5,0,0,0,-1,0,0,0,
"j_back_arc_2babbba          ",139.149,39.321,139.6,40.02,90,100,0,0,0,0,0,0,0,0,40,5,0,5,0,0,1,0,0,1,0,0,1,0,0,5,0,0,0,-1,0,0,0,
"j_back_arc_2babbbb          ",139.6,40.02,139.615,40.657,90,100,0,0,0,0,0,0,0,0,40,5,0,5,0,0,1,0,0,1,0,0,1,0,0,5,0,0,0,-1,0,0,0,
"j_back_arc_2bbaaaa          ",139.615,40.657,139.482,41.793,90,100,0,0,0,0,0,0,0,0,35,5,0,5,0,0,1,0,0,1,0,0,1,0,0,5,0,0,0,-1,0,0,0,
"j_back_arc_2bbaaab          ",139.482,41.793,139.415,42.444,90,100,0,0,0,0,0,0,0,0,25,5,0,5,0,0,1,0,0,1,0,0,1,0,0,5,0,0,0,-1,0,0,0,
"j_back_arc_2bbaab           ",139.415,42.444,139.371,43.179,90,100,0,0,0,0,0,0,0,0,25,5,0,5,0,0,1,0,0,1,0,0,1,0,0,5,0,0,0,-1,0,0,0,
"j_back_arc_2bbab            ",139.371,43.179,139.29,43.79,90,100,0,0,0,0,0,0,0,0,25,5,0,5,0,0,1,0,0,1,0,0,1,0,0,5,0,0,0,-1,0,0,0,
"j_back_arc_2bbba            ",139.29,43.79,139.291,43.817,90,100,0,0,0,0,0,0,0,0,25,5,0,5,0,0,1,0,0,1,0,0,1,0,0,5,0,0,0,-1,0,0,0,
"j_back_arc_2bbbbaa          ",139.291,43.817,139.312,44.02,90,100,0,0,0,0,0,0,0,0,25,5,0,5,0,0,1,0,0,1,0,0,1,0,0,5,0,0,0,-1,0,0,0,
"j_back_arc_2bbbbab          ",139.312,44.02,139.347,44.135,90,100,0,0,0,0,0,0,0,0,25,5,0,5,0,0,1,0,0,1,0,0,1,0,0,5,0,0,0,-1,0,0,0,
"j_back_arc_2bbbbb           ",139.347,44.135,139.381,44.299,90,100,0,0,0,0,0,0,0,0,25,5,0,5,0,0,1,0,0,1,0,0,1,0,0,5,0,0,0,-1,0,0,0,
"j_cut_2aabaaa               ",138.974,35.377,139.024,35.354,160,100,0,0,0,0,0,0,0,0,30,5,0,5,0,0,1,0,0,1,0,0,1,0,0,5,0,0,0,2,1,0,0,
"j_cut_2aabaab               ",139.024,35.354,139.12,35.307,160,100,0,0,0,0,0,0,0,0,30,5,0,5,0,0,1,0,0,1,0,0,1,0,0,5,0,0,0,2,1,0,0,
"j_cut_2aababa               ",139.12,35.307,139.16,35.27,160,100,0,0,0,0,0,0,0,0,30,5,0,5,0,0,1,0,0,1,0,0,1,0,0,5,0,0,0,2,1,0,0,
"j_cut_2aababb               ",139.16,35.27,139.194,35.241,160,100,0,0,0,0,0,0,0,0,30,5,0,5,0,0,1,0,0,1,0,0,1,0,0,5,0,0,0,2,1,0,0,
"j_cut_2aabbaaa              ",139.194,35.241,139.223,35.198,160,100,0,0,0,0,0,0,0,0,30,5,0,5,0,0,1,0,0,1,0,0,1,0,0,5,0,0,0,2,1,0,0,
"j_cut_2aabbaab              ",139.223,35.198,139.25,35.145,160,100,0,0,0,0,0,0,0,0,30,5,0,5,0,0,1,0,0,1,0,0,1,0,0,5,0,0,0,2,1,0,0,
"j_cut_2aabbab               ",139.25,35.145,139.322,35.019,160,100,0,0,0,0,0,0,0,0,30,5,0,5,0,0,1,0,0,1,0,0,1,0,0,5,0,0,0,2,1,0,0,
"j_cut_2aabbb                ",139.322,35.019,139.397,34.903,160,100,0,0,0,0,0,0,0,0,30,5,0,5,0,0,1,0,0,1,0,0,1,0,0,5,0,0,0,2,1,0,0,
"j_cut_2abaa                 ",139.397,34.903,139.496,34.823,168,100,0,0,0,0,0,0,0,0,30,5,0,5,0,0,1,0,0,1,0,0,1,0,0,5,0,0,0,2,1,0,0,
"j_cut_2ababaa               ",139.496,34.823,139.562,34.772,168,100,0,0,0,0,0,0,0,0,30,5,0,5,0,0,1,0,0,1,0,0,1,0,0,5,0,0,0,2,1,0,0,
"j_cut_2ababab               ",139.562,34.772,139.644,34.734,168,100,0,0,0,0,0,0,0,0,30,5,0,5,0,0,1,0,0,1,0,0,1,0,0,5,0,0,0,2,1,0,0,
"j_cut_2ababba               ",139.644,34.734,139.762,34.694,168,100,0,0,0,0,0,0,0,0,30,5,0,5,0,0,1,0,0,1,0,0,1,0,0,5,0,0,0,2,1,0,0,
"j_cut_2ababbbaa             ",139.762,34.694,139.867,34.702,168,100,0,0,0,0,0,0,0,0,30,5,0,5,0,0,1,0,0,1,0,0,1,0,0,5,0,0,0,2,1,0,0,
"j_cut_2ababbbab             ",139.867,34.702,139.986,34.718,168,100,0,0,0,0,0,0,0,0,30,5,0,5,0,0,1,0,0,1,0,0,1,0,0,5,0,0,0,2,1,0,0,
"j_cut_2ababbbb              ",139.986,34.718,140.058,34.654,168,100,0,0,0,0,0,0,0,0,30,5,0,5,0,0,1,0,0,1,0,0,1,0,0,5,0,0,0,2,1,0,0,
"j_cut_2abba                 ",140.058,34.654,140.127,34.579,167.5,100,0,0,0,0,0,0,0,0,25,5,0,5,0,0,1,0,0,1,0,0,1,0,0,5,0,0,0,2,1,0,0,
"j_cut_2abbb                 ",140.127,34.579,140.305,34.46,167.5,100,0,0,0,0,0,0,0,0,25,5,0,5,0,0,1,0,0,1,0,0,1,0,0,5,0,0,0,2,1,0,0,
"j_cut_2ba                   ",140.305,34.46,140.701,34.324,175,100,0,0,0,0,0,0,0,0,6.5,5,0,5,0,0,1,0,0,1,0,0,1,0,0,5,0,0,0,2,1,0,0,
"j_cut_2bba                  ",140.701,34.324,140.985,34.268,175,100,0,0,0,0,0,0,0,0,6.5,5,0,5,0,0,1,0,0,1,0,0,1,0,0,5,0,0,0,2,1,0,0,
"j_cut_2bbbaaa               ",140.985,34.268,141.204,34.289,175,100,0,0,0,0,0,0,0,0,6.5,5,0,5,0,0,1,0,0,1,0,0,1,0,0,5,0,0,0,2,1,0,0,
"j_cut_2bbbaab               ",141.204,34.289,141.319,34.282,175,100,0,0,0,0,0,0,0,0,6.5,5,0,5,0,0,1,0,0,1,0,0,1,0,0,5,0,0,0,2,1,0,0,
"j_cut_2bbbaba               ",141.319,34.282,141.527,34.253,175,100,0,0,0,0,0,0,0,0,6.5,5,0,5,0,0,1,0,0,1,0,0,1,0,0,5,0,0,0,2,1,0,0,
"j_cut_2bbbabb               ",141.527,34.253,141.735,34.205,175,100,0,0,0,0,0,0,0,0,6.5,5,0,5,0,0,1,0,0,1,0,0,1,0,0,5,0,0,0,2,1,0,0,
"j_cut_2bbbba                ",141.735,34.205,141.82,34.175,175,100,0,0,0,0,0,0,0,0,6.5,5,0,5,0,0,1,0,0,1,0,0,1,0,0,5,0,0,0,2,1,0,0,
"j_cut_2bbbbba               ",141.82,34.175,141.912,34.157,175,100,0,0,0,0,0,0,0,0,6.5,5,0,5,0,0,1,0,0,1,0,0,1,0,0,5,0,0,0,2,1,0,0,
"j_cut_2bbbbbb               ",141.912,34.157,142.063,34.129,175,100,0,0,0,0,0,0,0,0,6.5,5,0,5,0,0,1,0,0,1,0,0,1,0,0,5,0,0,0,2,1,0,0,
"kanazawaaa                  ",140.706,39.206,140.736,39.388,45,100,0,0,0,0,0,0,0,0,15,5,0,1,0,0,1,0,0,1,0,0,1,0,15,5,0,0,0,-1,0,0,0,
"kanazawaaba                 ",140.736,39.388,140.826,39.507,45,100,0,0,0,0,0,0,0,0,15,5,0,1,0,0,1,0,0,1,0,0,1,0,15,5,0,0,0,-1,0,0,0,
"kanazawaabb                 ",140.826,39.507,140.932,39.706,45,100,0,0,0,0,0,0,0,0,15,5,0,1,0,0,1,0,0,1,0,0,1,0,15,5,0,0,0,-1,0,0,0,
"kanazawabaa                 ",140.932,39.706,140.98,40.037,45,100,0,0,0,0,0,0,0,0,15,5,0,1,0,0,1,0,0,1,0,0,1,0,15,5,0,0,0,-1,0,0,0,
"kanazawabab                 ",140.98,40.037,140.946,40.339,45,100,0,0,0,0,0,0,0,0,15,5,0,1,0,0,1,0,0,1,0,0,1,0,15,5,0,0,0,-1,0,0,0,
"kanazawabb                  ",140.946,40.339,140.847,40.765,45,100,0,0,0,0,0,0,0,0,15,5,0,1,0,0,1,0,0,1,0,0,1,0,15,5,0,0,0,-1,0,0,0,
"kurokura                    ",138.974,35.377,139.72,35.935,90,100,0,0,0,0,0,0,0,0,15,5,0,1,0,0,1,0,0,1,0,0,1,0,15,5,0,0,0,-1,0,0,0,
"median_tectonic_lineaaabaa  ",132.677,33.731,132.755,33.772,120,100,0,0,0,0,0,0,0,0,15,5,0,5,0,0,1,0,0,1,0,0,1,0,0,5,0,0,0,-1,0,0,0,
"median_tectonic_lineaaabaa  ",132.677,33.731,131.989,33.424,120,100,0,0,0,0,0,0,0,0,15,5,0,1,0,0,1,0,0,1,0,0,1,0,15,5,0,0,0,-1,0,0,0,
"median_tectonic_lineaaababa ",132.755,33.772,132.905,33.798,90,100,0,0,0,0,0,0,0,0,15,5,0,5,0,0,1,0,0,1,0,0,1,0,0,5,0,0,0,-1,0,0,0,
"median_tectonic_lineaaababba",132.905,33.798,132.974,33.831,90,100,0,0,0,0,0,0,0,0,15,5,0,5,0,0,1,0,0,1,0,0,1,0,0,5,0,0,0,-1,0,0,0,
"median_tectonic_lineaaababbb",132.974,33.831,133.095,33.877,90,100,0,0,0,0,0,0,0,0,15,5,0,5,0,0,1,0,0,1,0,0,1,0,0,5,0,0,0,-1,0,0,0,
"median_tectonic_lineaaabb   ",133.095,33.877,133.25,33.902,90,100,0,0,0,0,0,0,0,0,15,5,0,5,0,0,1,0,0,1,0,0,1,0,0,5,0,0,0,-1,0,0,0,
"median_tectonic_lineaabaa   ",133.25,33.902,133.627,33.977,90,100,0,0,0,0,0,0,0,0,15,5,0,5,0,0,1,0,0,1,0,0,1,0,0,5,0,0,0,-1,0,0,0,
"median_tectonic_lineaabab   ",133.627,33.977,133.857,34.042,120,100,0,0,0,0,0,0,0,0,15,5,0,5,0,0,1,0,0,1,0,0,1,0,0,5,0,0,0,-1,0,0,0,
"median_tectonic_lineaabba   ",133.857,34.042,134.097,34.068,120,100,0,0,0,0,0,0,0,0,15,5,0,5,0,0,1,0,0,1,0,0,1,0,0,5,0,0,0,-1,0,0,0,
"median_tectonic_lineaabbb   ",134.097,34.068,134.768,34.195,120,100,0,0,0,0,0,0,0,0,15,5,0,5,0,0,1,0,0,1,0,0,1,0,0,5,0,0,0,-1,0,0,0,
"median_tectonic_lineabaaaa  ",134.768,34.195,134.89,34.345,90,100,0,0,0,0,0,0,0,0,15,5,0,5,0,0,1,0,0,1,0,0,1,0,0,5,0,0,0,-1,0,0,0,
"median_tectonic_lineabaaab  ",134.89,34.345,134.949,34.466,90,100,0,0,0,0,0,0,0,0,15,5,0,5,0,0,1,0,0,1,0,0,1,0,0,5,0,0,0,-1,0,0,0,
"median_tectonic_lineabaab   ",134.949,34.466,135.199,34.707,90,100,0,0,0,0,0,0,0,0,15,5,0,5,0,0,1,0,0,1,0,0,1,0,0,5,0,0,0,-1,0,0,0,
"median_tectonic_lineababa   ",135.199,34.707,135.337,34.788,90,100,0,0,0,0,0,0,0,0,15,5,0,5,0,0,1,0,0,1,0,0,1,0,0,5,0,0,0,-1,0,0,0,
"median_tectonic_lineababb   ",135.337,34.788,135.467,34.829,90,100,0,0,0,0,0,0,0,0,15,5,0,5,0,0,1,0,0,1,0,0,1,0,0,5,0,0,0,-1,0,0,0,
"mex-coast                   ",253.92,18.86,268.64,12.88,90,100,0,0,0,0,0,0,0,0,0,5,0,1,0,0,1,0,0,1,0,0,1,0,15,5,0,0,0,-1,0,0,0,
"mtl-conn1a                  ",135.467,34.829,135.652,34.856,90,100,0,0,0,0,0,0,0,0,15,5,0,1,0,0,1,0,0,1,0,0,1,0,15,5,0,0,0,-1,0,0,0,
"mtl-conn1baa                ",135.652,34.856,135.73,34.862,90,100,0,0,0,0,0,0,0,0,15,5,0,1,0,0,1,0,0,1,0,0,1,0,15,5,0,0,0,-1,0,0,0,
"mtl-conn1bab                ",135.73,34.862,135.775,34.892,90,100,0,0,0,0,0,0,0,0,15,5,0,1,0,0,1,0,0,1,0,0,1,0,15,5,0,0,0,-1,0,0,0,
"mtl-conn1bba                ",135.775,34.892,135.831,34.976,90,100,0,0,0,0,0,0,0,0,15,5,0,1,0,0,1,0,0,1,0,0,1,0,15,5,0,0,0,-1,0,0,0,
"mtl-conn1bbb                ",135.831,34.976,135.876,35.058,90,100,0,0,0,0,0,0,0,0,15,5,0,1,0,0,1,0,0,1,0,0,1,0,15,5,0,0,0,-1,0,0,0,
"muikamachia                 ",138.334,36.727,138.387,36.856,135,100,0,0,0,0,0,0,0,0,10,5,0,1,0,0,1,0,0,1,0,0,1,0,15,5,0,0,0,-1,0,0,0,
"muikamachibaaa              ",138.387,36.856,138.599,37.104,135,100,0,0,0,0,0,0,0,0,15,5,0,1,0,0,1,0,0,1,0,0,1,0,15,5,0,0,0,-1,0,0,0,
"muikamachibaab              ",138.599,37.104,138.771,37.333,135,100,0,0,0,0,0,0,0,0,15,5,0,1,0,0,1,0,0,1,0,0,1,0,15,5,0,0,0,-1,0,0,0,
"muikamachibabaa             ",138.771,37.333,138.927,37.523,135,100,0,0,0,0,0,0,0,0,15,5,0,1,0,0,1,0,0,1,0,0,1,0,15,5,0,0,0,-1,0,0,0,
"muikamachibabab             ",138.927,37.523,139.022,37.717,135,100,0,0,0,0,0,0,0,0,15,5,0,1,0,0,1,0,0,1,0,0,1,0,15,5,0,0,0,-1,0,0,0,
"muikamachibabba             ",139.022,37.717,139.141,37.811,135,100,0,0,0,0,0,0,0,0,15,5,0,1,0,0,1,0,0,1,0,0,1,0,15,5,0,0,0,-1,0,0,0,
"muikamachibabbb             ",139.141,37.811,139.322,37.92,135,100,0,0,0,0,0,0,0,0,5,5,0,1,0,0,1,0,0,1,0,0,1,0,15,5,0,0,0,-1,0,0,0,
"muikamachibb                ",139.322,37.92,139.419,38.021,135,100,0,0,0,0,0,0,0,0,0,5,0,1,0,0,1,0,0,1,0,0,1,0,15,5,0,0,0,-1,0,0,0,
"n_ridge_1aaaa               ",131.794,33.351,131.514,33.299,120,100,0,0,0,0,0,0,0,0,15,5,0,1,0,0,1,0,0,1,0,0,1,0,15,5,0,0,0,-1,0,0,0,
"n_ridge_1aaab               ",131.514,33.299,131.406,33.259,120,100,0,0,0,0,0,0,0,0,15,5,0,1,0,0,1,0,0,1,0,0,1,0,15,5,0,0,0,-1,0,0,0,
"n_ridge_1aaba               ",131.406,33.259,131.236,33.208,120,100,0,0,0,0,0,0,0,0,15,5,0,1,0,0,1,0,0,1,0,0,1,0,15,5,0,0,0,-1,0,0,0,
"n_ridge_1aabb               ",131.236,33.208,131.109,33.102,90,100,0,0,0,0,0,0,0,0,15,5,0,1,0,0,1,0,0,1,0,0,1,0,15,5,0,0,0,-1,0,0,0,
"n_ridge_1aba                ",131.109,33.102,130.917,32.959,90,100,0,0,0,0,0,0,0,0,15,5,0,1,0,0,1,0,0,1,0,0,1,0,15,5,0,0,0,-1,0,0,0,
"n_ridge_1abb                ",130.917,32.959,130.829,32.908,90,100,0,0,0,0,0,0,0,0,15,5,0,1,0,0,1,0,0,1,0,0,1,0,15,5,0,0,0,-1,0,0,0,
"n_ridge_2a                  ",121.776,24.283,121.917,24.812,90,100,0,0,0,0,0,0,0,0,15,5,0,5,0,0,1,0,0,1,0,0,1,0,0,5,0,0,0,-1,0,0,0,
"n_ridge_2baaaaa             ",121.917,24.812,122.486,24.909,90,100,0,0,0,0,0,0,0,0,5,5,0,5,0,0,1,0,0,1,0,0,1,0,0,5,0,0,0,-1,0,0,0,
"n_ridge_2baaaab             ",122.486,24.909,123.194,24.854,90,100,0,0,0,0,0,0,0,0,5,5,0,5,0,0,1,0,0,1,0,0,1,0,0,5,0,0,0,-1,0,0,0,
"n_ridge_2baaab              ",123.194,24.854,123.717,24.895,90,100,0,0,0,0,0,0,0,0,5,5,0,5,0,0,1,0,0,1,0,0,1,0,0,5,0,0,0,-1,0,0,0,
"n_ridge_2baab               ",123.717,24.895,123.785,24.909,90,100,0,0,0,0,0,0,0,0,5,5,0,5,0,0,1,0,0,1,0,0,1,0,0,5,0,0,0,-1,0,0,0,
"n_ridge_2bab                ",123.785,24.909,124.686,25.143,90,100,0,0,0,0,0,0,0,0,5,5,0,5,0,0,1,0,0,1,0,0,1,0,0,5,0,0,0,-1,0,0,0,
"n_ridge_2bb                 ",124.686,25.143,124.671,25.473,90,100,0,0,0,0,0,0,0,0,5,5,0,5,0,0,1,0,0,1,0,0,1,0,0,5,0,0,0,-1,0,0,0,
"n_ridge_3aaaaaaa            ",124.671,25.473,125.732,25.652,90,100,0,0,0,0,0,0,0,0,5,5,0,5,0,0,1,0,0,1,0,0,1,0,0,5,0,0,0,-1,0,0,0,
"n_ridge_3aaaaaab            ",125.732,25.652,125.64,25.914,90,100,0,0,0,0,0,0,0,0,5,5,0,5,0,0,1,0,0,1,0,0,1,0,0,5,0,0,0,-1,0,0,0,
"n_ridge_3aaaaaba            ",125.64,25.914,126.101,26.135,90,100,0,0,0,0,0,0,0,0,5,5,0,5,0,0,1,0,0,1,0,0,1,0,0,5,0,0,0,-1,0,0,0,
"n_ridge_3aaaaabb            ",126.101,26.135,126.363,26.369,90,100,0,0,0,0,0,0,0,0,5,5,0,5,0,0,1,0,0,1,0,0,1,0,0,5,0,0,0,-1,0,0,0,
"n_ridge_3aaaab              ",126.363,26.369,126.439,26.52,90,100,0,0,0,0,0,0,0,0,5,5,0,5,0,0,1,0,0,1,0,0,1,0,0,5,0,0,0,-1,0,0,0,
"n_ridge_3aaab               ",126.439,26.52,126.809,26.823,90,100,0,0,0,0,0,0,0,0,5,5,0,5,0,0,1,0,0,1,0,0,1,0,0,5,0,0,0,-1,0,0,0,
"n_ridge_3aabaa              ",126.809,26.823,126.752,26.972,90,100,0,0,0,0,0,0,0,0,5,5,0,5,0,0,1,0,0,1,0,0,1,0,0,5,0,0,0,-1,0,0,0,
"n_ridge_3aababa             ",126.752,26.972,126.885,27.154,90,100,0,0,0,0,0,0,0,0,5,5,0,5,0,0,1,0,0,1,0,0,1,0,0,5,0,0,0,-1,0,0,0,
"n_ridge_3aababb             ",126.885,27.154,127.408,27.484,90,100,0,0,0,0,0,0,0,0,5,5,0,5,0,0,1,0,0,1,0,0,1,0,0,5,0,0,0,-1,0,0,0,
"n_ridge_3aabb               ",127.408,27.484,127.325,27.643,90,100,0,0,0,0,0,0,0,0,5,5,0,5,0,0,1,0,0,1,0,0,1,0,0,5,0,0,0,-1,0,0,0,
"na-e                        ",285.123,83.254,268.64,12.88,90,100,0,0,0,0,0,0,0,0,15,5,0,1,0,0,1,0,0,1,0,0,1,0,15,5,0,0,0,-1,0,0,0,
"neodaniaaa                  ",137.2,35.203,137.158,35.27,90,100,0,0,0,0,0,0,0,0,15,5,0,1,0,0,1,0,0,1,0,0,1,0,15,5,0,0,0,-1,0,0,0,
"neodaniaab                  ",137.158,35.27,136.89,35.428,90,100,0,0,0,0,0,0,0,0,15,5,0,1,0,0,1,0,0,1,0,0,1,0,15,5,0,0,0,-1,0,0,0,
"neodaniaba                  ",136.89,35.428,136.713,35.52,90,100,0,0,0,0,0,0,0,0,15,5,0,1,0,0,1,0,0,1,0,0,1,0,15,5,0,0,0,-1,0,0,0,
"neodaniabb                  ",136.713,35.52,136.55,35.726,90,100,0,0,0,0,0,0,0,0,15,5,0,1,0,0,1,0,0,1,0,0,1,0,15,5,0,0,0,-1,0,0,0,
"neodanib                    ",136.55,35.726,136.375,35.886,90,100,0,0,0,0,0,0,0,0,15,5,0,1,0,0,1,0,0,1,0,0,1,0,15,5,0,0,0,-1,0,0,0,
"neryu                       ",130,26.986,128.531,28.366,90,100,0,0,0,0,0,0,0,0,15,5,0,1,0,0,1,0,0,1,0,0,1,0,15,5,0,0,0,-1,0,0,0,
"nktz2                       ",136.898,36.211,136.375,35.886,90,100,0,0,0,0,0,0,0,0,15,5,0,1,0,0,1,0,0,1,0,0,1,0,15,5,0,0,0,-1,0,0,0,
"nktz3                       ",136.375,35.886,136.133,35.711,90,100,0,0,0,0,0,0,0,0,15,5,0,1,0,0,1,0,0,1,0,0,1,0,15,5,0,0,0,-1,0,0,0,
"nnktzaa                     ",138.334,36.727,138.226,36.671,135,100,0,0,0,0,0,0,0,0,15,5,0,1,0,0,1,0,0,1,0,0,1,0,15,5,0,0,0,-1,0,0,0,
"nnktzab                     ",138.226,36.671,138.121,36.611,135,100,0,0,0,0,0,0,0,0,15,5,0,1,0,0,1,0,0,1,0,0,1,0,15,5,0,0,0,-1,0,0,0,
"nnktzb                      ",138.121,36.611,137.843,36.562,90,100,0,0,0,0,0,0,0,0,15,5,0,1,0,0,1,0,0,1,0,0,1,0,15,5,0,0,0,-1,0,0,0,
"nw-izua                     ",138.974,35.377,138.834,35.354,135,100,0,0,0,0,0,0,0,0,15,5,0,1,0,0,1,0,0,1,0,0,1,0,15,5,0,0,0,-1,0,0,0,
"nw-izub                     ",138.834,35.354,138.547,35.297,135,100,0,0,0,0,0,0,0,0,15,5,0,1,0,0,1,0,0,1,0,0,1,0,15,5,0,0,0,-1,0,0,0,
"nwhonshu-sojaa              ",141.276,46.92,140.425,46.024,90,100,0,0,0,0,0,0,0,0,15,5,0,1,0,0,1,0,0,1,0,0,1,0,15,5,0,0,0,-1,0,0,0,
"ok_eu_1                     ",144.88,65.161,142.201,68.038,90,100,0,0,0,0,0,0,0,0,15,5,0,5,0,0,1,0,0,1,0,0,1,0,0,5,0,0,0,-1,0,0,0,
"ok_eu_2ab                   ",142.376,54.096,141.439,56.281,90,100,0,0,0,0,0,0,0,0,15,5,0,5,0,0,1,0,0,1,0,0,1,0,0,5,0,0,0,-1,0,0,0,
"ok_eu_2baa                  ",141.439,56.281,142.007,59.925,90,100,0,0,0,0,0,0,0,0,15,5,0,5,0,0,1,0,0,1,0,0,1,0,0,5,0,0,0,-1,0,0,0,
"ok_eu_2bab                  ",142.007,59.925,146.852,61.85,90,100,0,0,0,0,0,0,0,0,15,5,0,5,0,0,1,0,0,1,0,0,1,0,0,5,0,0,0,-1,0,0,0,
"ok_eu_2bb                   ",146.852,61.85,144.88,65.161,90,100,0,0,0,0,0,0,0,0,15,5,0,5,0,0,1,0,0,1,0,0,1,0,0,5,0,0,0,-1,0,0,0,
"okhostk1                    ",162.646,56.387,164.025,55.235,90,100,0,0,0,0,0,0,0,0,15,5,0,5,0,0,1,0,0,1,0,0,1,0,0,5,0,0,0,-1,0,0,0,
"okin-yang                   ",129.107,31.359,129.337,31.861,90,100,0,0,0,0,0,0,0,0,15,5,0,1,0,0,1,0,0,1,0,0,1,0,15,5,0,0,0,-1,0,0,0,
"okinawa_connaaa             ",127.325,27.643,128.531,28.366,90,100,0,0,0,0,0,0,0,0,5,5,0,1,0,0,1,0,0,1,0,0,1,0,15,5,0,0,0,-1,0,0,0,
"okinawa_connaab             ",128.531,28.366,128.316,28.698,90,100,0,0,0,0,0,0,0,0,5,5,0,1,0,0,1,0,0,1,0,0,1,0,15,5,0,0,0,-1,0,0,0,
"okinawa_connab              ",128.316,28.698,129.044,29.346,90,100,0,0,0,0,0,0,0,0,5,5,0,1,0,0,1,0,0,1,0,0,1,0,15,5,0,0,0,-1,0,0,0,
"okinawa_connbaaa            ",129.044,29.346,128.65,29.879,90,100,0,0,0,0,0,0,0,0,5,5,0,1,0,0,1,0,0,1,0,0,1,0,15,5,0,0,0,-1,0,0,0,
"okinawa_connbaaba           ",128.65,29.879,128.875,30.087,90,100,0,0,0,0,0,0,0,0,5,5,0,1,0,0,1,0,0,1,0,0,1,0,15,5,0,0,0,-1,0,0,0,
"okinawa_connbaabb           ",128.875,30.087,128.843,30.35,90,100,0,0,0,0,0,0,0,0,5,5,0,1,0,0,1,0,0,1,0,0,1,0,15,5,0,0,0,-1,0,0,0,
"okinawa_connbab             ",128.843,30.35,128.905,30.662,90,100,0,0,0,0,0,0,0,0,5,5,0,1,0,0,1,0,0,1,0,0,1,0,15,5,0,0,0,-1,0,0,0,
"okinawa_connbb              ",128.905,30.662,129.107,31.359,90,100,0,0,0,0,0,0,0,0,5,5,0,1,0,0,1,0,0,1,0,0,1,0,15,5,0,0,0,-1,0,0,0,
"pac-s                       ",158.7,-59.8,242.88,-54.28,90,100,0,0,0,0,0,0,0,0,0,5,0,1,0,0,1,0,0,1,0,0,1,0,15,5,0,0,0,-1,0,0,0,
"pac_12aaa                   ",147.688,19.393,147.853,17.156,25,100,0,0,0,0,0,0,0,0,0,5,0,5,0,0,1,0,0,1,0,0,1,0,0,5,0,0,0,-1,0,0,0,
"pac_12aab                   ",147.853,17.156,146.863,13.258,155,100,0,0,0,0,0,0,0,0,0,5,0,5,0,0,1,0,0,1,0,0,1,0,0,5,0,0,0,-1,0,0,0,
"pac_12abaa                  ",146.863,13.258,141.543,10.92,155,100,0,0,0,0,0,0,0,0,0,5,0,5,0,0,1,0,0,1,0,0,1,0,0,5,0,0,0,-1,0,0,0,
"pac_12abab                  ",141.543,10.92,138.75,10.789,155,100,0,0,0,0,0,0,0,0,0,5,0,5,0,0,1,0,0,1,0,0,1,0,0,5,0,0,0,-1,0,0,0,
"pac_12abba                  ",138.75,10.789,137.12,7.497,155,100,0,0,0,0,0,0,0,0,0,5,0,5,0,0,1,0,0,1,0,0,1,0,0,5,0,0,0,-1,0,0,0,
"pac_12abbb                  ",137.12,7.497,134.488,6.837,155,100,0,0,0,0,0,0,0,0,0,5,0,5,0,0,1,0,0,1,0,0,1,0,0,5,0,0,0,-1,0,0,0,
"pac_12b                     ",134.488,6.837,132.7,3.746,155,100,0,0,0,0,0,0,0,0,0,5,0,5,0,0,1,0,0,1,0,0,1,0,0,5,0,0,0,-1,0,0,0,
"pac_19                      ",127.104,4.015,127.998,1.218,90,100,0,0,0,0,0,0,0,0,0,5,0,5,0,0,1,0,0,1,0,0,1,0,0,5,0,0,0,-1,0,0,0,
"pac_20a                     ",127.998,1.218,132.425,0.416,90,100,0,0,0,0,0,0,0,0,0,5,0,5,0,0,1,0,0,1,0,0,1,0,0,5,0,0,0,-1,0,0,0,
"pac_20b                     ",132.425,0.416,152.121,-2.852,90,100,0,0,0,0,0,0,0,0,0,5,0,5,0,0,1,0,0,1,0,0,1,0,0,5,0,0,0,-1,0,0,0,
"pac_22                      ",152.121,-2.852,164.629,-9.718,90,100,0,0,0,0,0,0,0,0,0,5,0,5,0,0,1,0,0,1,0,0,1,0,0,5,0,0,0,-1,0,0,0,
"pac_23                      ",164.629,-9.718,167.905,-16.076,90,100,0,0,0,0,0,0,0,0,0,5,0,5,0,0,1,0,0,1,0,0,1,0,0,5,0,0,0,-1,0,0,0,
"pac_24a                     ",167.905,-16.076,185.84,-15.18,90,100,0,0,0,0,0,0,0,0,0,5,0,5,0,0,1,0,0,1,0,0,1,0,0,5,0,0,0,-1,0,0,0,
"pac_crossa                  ",242.88,-54.28,253.92,18.86,90,100,0,0,0,0,0,0,0,0,0,5,0,5,0,0,1,0,0,1,0,0,1,0,0,5,0,0,0,-1,0,0,0,
"pac_crossb                  ",222.518,58.648,253.92,18.86,90,100,0,0,0,0,0,0,0,0,0,5,0,5,0,0,1,0,0,1,0,0,1,0,0,5,0,0,0,-1,0,0,0,
"pac_na_6aa                  ",214.594,59.586,217.715,60.5,90,100,0,0,0,0,0,0,0,0,0,5,0,5,0,0,1,0,0,1,0,0,1,0,0,5,0,0,0,-1,0,0,0,
"pac_na_6aba                 ",217.715,60.5,220.258,60.336,90,100,0,0,0,0,0,0,0,0,0,5,0,5,0,0,1,0,0,1,0,0,1,0,0,5,0,0,0,-1,0,0,0,
"pac_na_6abb                 ",220.258,60.336,222.518,58.648,90,100,0,0,0,0,0,0,0,0,0,5,0,5,0,0,1,0,0,1,0,0,1,0,0,5,0,0,0,-1,0,0,0,
"pac_na_6b                   ",204.236,54.617,208.477,56.234,90,100,0,0,0,0,0,0,0,0,0,5,0,5,0,0,1,0,0,1,0,0,1,0,0,5,0,0,0,-1,0,0,0,
"pac_na_7a                   ",208.477,56.234,212.105,57.523,90,100,0,0,0,0,0,0,0,0,0,5,0,5,0,0,1,0,0,1,0,0,1,0,0,5,0,0,0,-1,0,0,0,
"pac_na_7b                   ",212.105,57.523,214.594,59.586,90,100,0,0,0,0,0,0,0,0,0,5,0,5,0,0,1,0,0,1,0,0,1,0,0,5,0,0,0,-1,0,0,0,
"pac_sub_1aaaaaa             ",142.063,34.129,142.204,34.71,160,100,0,0,0,0,0,0,0,0,0,5,0,5,0,0,1,0,0,1,0,0,1,0,0,5,0,0,0,1,1,0,0,
"pac_sub_1aaaaab             ",142.204,34.71,142.263,35.11,160,100,0,0,0,0,0,0,0,0,0,5,0,5,0,0,1,0,0,1,0,0,1,0,0,5,0,0,0,1,1,0,0,
"pac_sub_1aaaab              ",142.263,35.11,142.343,35.391,160,100,0,0,0,0,0,0,0,0,0,5,0,5,0,0,1,0,0,1,0,0,1,0,0,5,0,0,0,1,1,0,0,
"pac_sub_1aaaba              ",142.343,35.391,142.474,35.827,160,100,0,0,0,0,0,0,0,0,18,5,0,5,0,0,1,0,0,1,0,0,1,0,0,5,0,0,0,1,1,0,0,
"pac_sub_1aaabb              ",142.474,35.827,142.743,36.236,160,100,0,0,0,0,0,0,0,0,23,5,0,5,0,0,1,0,0,1,0,0,1,0,0,5,0,0,0,1,1,0,0,
"pac_sub_1aab                ",142.743,36.236,143.361,37.021,160,100,0,0,0,0,0,0,0,0,50,5,0,5,0,0,1,0,0,1,0,0,1,0,0,5,0,0,0,1,1,0,0,
"pac_sub_1ab                 ",143.361,37.021,143.644,37.612,160,100,0,0,0,0,0,0,0,0,31,5,0,5,0,0,1,0,0,1,0,0,1,0,0,5,0,0,0,1,1,0,0,
"pac_sub_1baaa               ",143.644,37.612,143.861,38.214,160,100,0,0,0,0,0,0,0,0,60,5,0,5,0,0,1,0,0,1,0,0,1,0,0,5,0,0,0,1,1,0,0,
"pac_sub_1baab               ",143.861,38.214,143.926,38.414,160,100,0,0,0,0,0,0,0,0,65,5,0,5,0,0,1,0,0,1,0,0,1,0,0,5,0,0,0,1,1,0,0,
"pac_sub_1babaa              ",143.926,38.414,144.005,38.604,160,100,0,0,0,0,0,0,0,0,55,5,0,5,0,0,1,0,0,1,0,0,1,0,0,5,0,0,0,1,1,0,0,
"pac_sub_1babab              ",144.005,38.604,144.058,38.738,160,100,0,0,0,0,0,0,0,0,40,5,0,5,0,0,1,0,0,1,0,0,1,0,0,5,0,0,0,1,1,0,0,
"pac_sub_1babb               ",144.058,38.738,144.155,39.074,160,100,0,0,0,0,0,0,0,0,35,5,0,5,0,0,1,0,0,1,0,0,1,0,0,5,0,0,0,1,1,0,0,
"pac_sub_1bbaa               ",144.155,39.074,144.222,39.464,160,100,0,0,0,0,0,0,0,0,20,5,0,5,0,0,1,0,0,1,0,0,1,0,0,5,0,0,0,1,1,0,0,
"pac_sub_1bbab               ",144.222,39.464,144.288,40.036,160,100,0,0,0,0,0,0,0,0,22,5,0,5,0,0,1,0,0,1,0,0,1,0,0,5,0,0,0,1,1,0,0,
"pac_sub_1bbba               ",144.288,40.036,144.466,40.488,160,100,0,0,0,0,0,0,0,0,30,5,0,5,0,0,1,0,0,1,0,0,1,0,0,5,0,0,0,1,1,0,0,
"pac_sub_1bbbb               ",144.466,40.488,144.65,40.994,160,100,0,0,0,0,0,0,0,0,30,5,0,5,0,0,1,0,0,1,0,0,1,0,0,5,0,0,0,1,1,0,0,
"pac_sub_2aaaaaa             ",144.65,40.994,144.878,41.202,160,100,0,0,0,0,0,0,0,0,50,5,0,5,0,0,1,0,0,1,0,0,1,0,0,5,0,0,0,1,1,0,0,
"pac_sub_2aaaaab             ",144.878,41.202,145.187,41.381,160,100,0,0,0,0,0,0,0,0,50,5,0,5,0,0,1,0,0,1,0,0,1,0,0,5,0,0,0,1,1,0,0,
"pac_sub_2aaaab              ",145.187,41.381,145.832,41.649,160,100,0,0,0,0,0,0,0,0,50,5,0,5,0,0,1,0,0,1,0,0,1,0,0,5,0,0,0,1,1,0,0,
"pac_sub_2aaab               ",145.832,41.649,146.738,42.101,160,100,0,0,0,0,0,0,0,0,50,5,0,5,0,0,1,0,0,1,0,0,1,0,0,5,0,0,0,1,1,0,0,
"pac_sub_2aabaa              ",146.738,42.101,147.331,42.401,160,100,0,0,0,0,0,0,0,0,50,5,0,5,0,0,1,0,0,1,0,0,1,0,0,5,0,0,0,-1,0,0,0,
"pac_sub_2aabab              ",147.331,42.401,147.706,42.695,160,100,0,0,0,0,0,0,0,0,50,5,0,5,0,0,1,0,0,1,0,0,1,0,0,5,0,0,0,-1,0,0,0,
"pac_sub_2aabb               ",147.706,42.695,149.764,43.952,160,100,0,0,0,0,0,0,0,0,50,5,0,5,0,0,1,0,0,1,0,0,1,0,0,5,0,0,0,-1,0,0,0,
"pac_sub_2aba                ",149.764,43.952,152.59,45.316,160,100,0,0,0,0,0,0,0,0,50,5,0,5,0,0,1,0,0,1,0,0,1,0,0,5,0,0,0,-1,0,0,0,
"pac_sub_2abb                ",152.59,45.316,153.515,45.887,160,100,0,0,0,0,0,0,0,0,50,5,0,5,0,0,1,0,0,1,0,0,1,0,0,5,0,0,0,-1,0,0,0,
"pac_sub_2baa                ",153.515,45.887,155.45,47.516,160,100,0,0,0,0,0,0,0,0,40,5,0,5,0,0,1,0,0,1,0,0,1,0,0,5,0,0,0,-1,0,0,0,
"pac_sub_2baba               ",155.45,47.516,157.083,48.699,160,100,0,0,0,0,0,0,0,0,45,5,0,5,0,0,1,0,0,1,0,0,1,0,0,5,0,0,0,-1,0,0,0,
"pac_sub_2babba              ",157.083,48.699,158.114,49.543,160,100,0,0,0,0,0,0,0,0,40,5,0,5,0,0,1,0,0,1,0,0,1,0,0,5,0,0,0,-1,0,0,0,
"pac_sub_2babbb              ",158.114,49.543,159.156,50.152,160,100,0,0,0,0,0,0,0,0,35,5,0,5,0,0,1,0,0,1,0,0,1,0,0,5,0,0,0,-1,0,0,0,
"pac_sub_2bba                ",159.156,50.152,160.596,51.477,160,100,0,0,0,0,0,0,0,0,35,5,0,5,0,0,1,0,0,1,0,0,1,0,0,5,0,0,0,-1,0,0,0,
"pac_sub_2bbba               ",160.596,51.477,160.961,52.168,160,100,0,0,0,0,0,0,0,0,35,5,0,5,0,0,1,0,0,1,0,0,1,0,0,5,0,0,0,-1,0,0,0,
"pac_sub_2bbbbaa             ",160.961,52.168,161.556,52.648,160,100,0,0,0,0,0,0,0,0,35,5,0,5,0,0,1,0,0,1,0,0,1,0,0,5,0,0,0,-1,0,0,0,
"pac_sub_2bbbbab             ",161.556,52.648,162.444,52.977,160,100,0,0,0,0,0,0,0,0,35,5,0,5,0,0,1,0,0,1,0,0,1,0,0,5,0,0,0,-1,0,0,0,
"pac_sub_2bbbbba             ",162.444,52.977,163.251,54.277,160,100,0,0,0,0,0,0,0,0,35,5,0,5,0,0,1,0,0,1,0,0,1,0,0,5,0,0,0,-1,0,0,0,
"pac_sub_2bbbbbb             ",163.251,54.277,164.025,55.235,160,100,0,0,0,0,0,0,0,0,35,5,0,5,0,0,1,0,0,1,0,0,1,0,0,5,0,0,0,-1,0,0,0,
"phil_pac_11                 ",146.646,21.476,147.688,19.393,25,100,0,0,0,0,0,0,0,0,0,5,0,5,0,0,1,0,0,1,0,0,1,0,0,5,0,0,0,-1,0,0,0,
"phil_pac_1aaaa              ",142.063,34.129,142.11,33.371,25,100,0,0,0,0,0,0,0,0,50,5,0,5,0,0,1,0,0,1,0,0,1,0,0,5,0,0,0,-1,0,0,0,
"phil_pac_1aaab              ",142.11,33.371,142.149,32.615,25,100,0,0,0,0,0,0,0,0,50,5,0,5,0,0,1,0,0,1,0,0,1,0,0,5,0,0,0,-1,0,0,0,
"phil_pac_1aab               ",142.149,32.615,142.235,31.132,25,100,0,0,0,0,0,0,0,0,50,5,0,5,0,0,1,0,0,1,0,0,1,0,0,5,0,0,0,-1,0,0,0,
"phil_pac_1aba               ",142.235,31.132,142.762,29.117,25,100,0,0,0,0,0,0,0,0,0,5,0,5,0,0,1,0,0,1,0,0,1,0,0,5,0,0,0,-1,0,0,0,
"phil_pac_1abb               ",142.762,29.117,143.288,27.102,25,100,0,0,0,0,0,0,0,0,0,5,0,5,0,0,1,0,0,1,0,0,1,0,0,5,0,0,0,-1,0,0,0,
"phil_pac_1ba                ",143.288,27.102,143.046,24.954,155,100,0,0,0,0,0,0,0,0,0,5,0,5,0,0,1,0,0,1,0,0,1,0,0,5,0,0,0,-1,0,0,0,
"phil_pac_1bb                ",143.046,24.954,144.018,23.88,25,100,0,0,0,0,0,0,0,0,0,5,0,5,0,0,1,0,0,1,0,0,1,0,0,5,0,0,0,-1,0,0,0,
"phil_pac_2                  ",144.018,23.88,146.646,21.476,25,100,0,0,0,0,0,0,0,0,0,5,0,5,0,0,1,0,0,1,0,0,1,0,0,5,0,0,0,-1,0,0,0,
"ps-aus                      ",132.7,3.746,132.425,0.416,155,100,0,0,0,0,0,0,0,0,0,5,0,1,0,0,1,0,0,1,0,0,1,0,15,5,0,0,0,-1,0,0,0,
"rryu-taiwa                  ",122.975,23.434,122.205,23.808,155,100,0,0,0,0,0,0,0,0,0,5,0,1,0,0,1,0,0,1,0,0,1,0,15,5,0,0,0,-1,0,0,0,
"rryu-taiwb                  ",122.205,23.808,121.776,24.283,155,100,0,0,0,0,0,0,0,0,0,5,0,1,0,0,1,0,0,1,0,0,1,0,15,5,0,0,0,-1,0,0,0,
"ryukyu-s                    ",125.631,23.384,124.686,25.143,90,100,0,0,0,0,0,0,0,0,15,5,0,1,0,0,1,0,0,1,0,0,1,0,15,5,0,0,0,-1,0,0,0,
"sagang_1aaa                 ",96.125,14.101,96.036,18.593,90,100,0,0,0,0,0,0,0,0,0,5,0,5,0,0,1,0,0,1,0,0,1,0,0,5,0,0,0,-1,0,0,0,
"sagang_1aab                 ",96.036,18.593,95.713,23.65,90,100,0,0,0,0,0,0,0,0,0,5,0,5,0,0,1,0,0,1,0,0,1,0,0,5,0,0,0,-1,0,0,0,
"sagang_1ab                  ",97.225,28.023,95.713,23.65,90,100,0,0,0,0,0,0,0,0,0,5,0,5,0,0,1,0,0,1,0,0,1,0,0,5,0,0,0,-1,0,0,0,
"sakashitaa                  ",137.684,35.449,137.228,35.837,90,100,0,0,0,0,0,0,0,0,15,5,0,1,0,0,1,0,0,1,0,0,1,0,15,5,0,0,0,-1,0,0,0,
"sakashitaba                 ",137.228,35.837,137.039,35.97,90,100,0,0,0,0,0,0,0,0,15,5,0,1,0,0,1,0,0,1,0,0,1,0,15,5,0,0,0,-1,0,0,0,
"sakashitabb                 ",137.039,35.97,136.898,36.211,90,100,0,0,0,0,0,0,0,0,15,5,0,1,0,0,1,0,0,1,0,0,1,0,15,5,0,0,0,-1,0,0,0,
"sakhalinw                   ",142.639,48.782,142.376,54.096,90,100,0,0,0,0,0,0,0,0,15,5,0,1,0,0,1,0,0,1,0,0,1,0,15,5,0,0,0,-1,0,0,0,
"salekina                    ",141.276,46.92,142.639,48.782,90,100,0,0,0,0,0,0,0,0,15,5,0,1,0,0,1,0,0,1,0,0,1,0,15,5,0,0,0,-1,0,0,0,
"sekiyaa                     ",139.879,36.85,139.852,36.27,135,100,0,0,0,0,0,0,0,0,15,5,0,1,0,0,1,0,0,1,0,0,1,0,15,5,0,0,0,-1,0,0,0,
"sekiyab                     ",139.852,36.27,139.72,35.935,135,100,0,0,0,0,0,0,0,0,15,5,0,1,0,0,1,0,0,1,0,0,1,0,15,5,0,0,0,-1,0,0,0,
"shimabara_newaaa            ",130.829,32.908,130.648,32.824,90,100,0,0,0,0,0,0,0,0,15,5,0,1,0,0,1,0,0,1,0,0,1,0,15,5,0,0,0,-1,0,0,0,
"shimabara_newaaba           ",130.648,32.824,130.527,32.801,90,100,0,0,0,0,0,0,0,0,15,5,0,1,0,0,1,0,0,1,0,0,1,0,15,5,0,0,0,-1,0,0,0,
"shimabara_newaabb           ",130.527,32.801,130.261,32.756,90,100,0,0,0,0,0,0,0,0,15,5,0,1,0,0,1,0,0,1,0,0,1,0,15,5,0,0,0,-1,0,0,0,
"shimabara_newab             ",130.261,32.756,129.818,32.63,90,100,0,0,0,0,0,0,0,0,15,5,0,1,0,0,1,0,0,1,0,0,1,0,15,5,0,0,0,-1,0,0,0,
"shimabara_newb              ",129.818,32.63,129.584,32.324,90,100,0,0,0,0,0,0,0,0,15,5,0,1,0,0,1,0,0,1,0,0,1,0,15,5,0,0,0,-1,0,0,0,
"shokknhonconnaa             ",141.191,42.472,140.953,42.419,90,100,0,0,0,0,0,0,0,0,5,5,0,1,0,0,1,0,0,1,0,0,1,0,15,5,0,0,0,-1,0,0,0,
"shokknhonconnab             ",140.953,42.419,140.808,42.375,90,100,0,0,0,0,0,0,0,0,5,5,0,1,0,0,1,0,0,1,0,0,1,0,15,5,0,0,0,-1,0,0,0,
"soj-whokk-connaa            ",139.381,44.299,139.54,44.537,90,100,0,0,0,0,0,0,0,0,15,5,0,1,0,0,1,0,0,1,0,0,1,0,15,5,0,0,0,-1,0,0,0,
"soj-whokk-connab            ",139.54,44.537,139.723,44.907,90,100,0,0,0,0,0,0,0,0,15,5,0,1,0,0,1,0,0,1,0,0,1,0,15,5,0,0,0,-1,0,0,0,
"soj-whokk-connb             ",139.723,44.907,140.425,46.024,90,100,0,0,0,0,0,0,0,0,15,5,0,1,0,0,1,0,0,1,0,0,1,0,15,5,0,0,0,-1,0,0,0,
"sshore-hokkaaa              ",143.313,41.994,142.923,42.16,135,100,0,0,0,0,0,0,0,0,15,5,0,1,0,0,1,0,0,1,0,0,1,0,15,5,0,0,0,-1,0,0,0,
"sshore-hokkaab              ",142.923,42.16,142.406,42.334,135,100,0,0,0,0,0,0,0,0,15,5,0,1,0,0,1,0,0,1,0,0,1,0,15,5,0,0,0,-1,0,0,0,
"sshore-hokkaba              ",142.406,42.334,142.112,42.462,135,100,0,0,0,0,0,0,0,0,15,5,0,1,0,0,1,0,0,1,0,0,1,0,15,5,0,0,0,-1,0,0,0,
"sshore-hokkabb              ",141.67,42.607,141.839,42.696,90,100,0,0,0,0,0,0,0,0,5,5,0,1,0,0,1,0,0,1,0,0,1,0,15,5,0,0,0,-1,0,0,0,
"sshore-hokkbaa              ",141.67,42.607,141.407,42.508,90,100,0,0,0,0,0,0,0,0,5,5,0,1,0,0,1,0,0,1,0,0,1,0,15,5,0,0,0,-1,0,0,0,
"sshore-hokkbab              ",141.407,42.508,141.191,42.472,90,100,0,0,0,0,0,0,0,0,5,5,0,1,0,0,1,0,0,1,0,0,1,0,15,5,0,0,0,-1,0,0,0,
"sum-in                      ",96.125,14.101,99.425,14.331,90,100,0,0,0,0,0,0,0,0,0,5,0,1,0,0,1,0,0,1,0,0,1,0,15,5,0,0,0,-1,0,0,0,
"sum-psaa                    ",113.588,18.243,117.3,20.084,90,100,0,0,0,0,0,0,0,0,0,5,0,1,0,0,1,0,0,1,0,0,1,0,15,5,0,0,0,-1,0,0,0,
"sum-psab                    ",117.3,20.084,118.4,21.81,90,100,0,0,0,0,0,0,0,0,0,5,0,1,0,0,1,0,0,1,0,0,1,0,15,5,0,0,0,-1,0,0,0,
"sum-psb                     ",118.4,21.81,120.705,21.738,90,100,0,0,0,0,0,0,0,0,0,5,0,1,0,0,1,0,0,1,0,0,1,0,15,5,0,0,0,-1,0,0,0,
"sum1                        ",99.425,14.331,101.763,17.322,90,100,0,0,0,0,0,0,0,0,0,5,0,1,0,0,1,0,0,1,0,0,1,0,15,5,0,0,0,-1,0,0,0,
"sum2                        ",101.763,17.322,113.588,18.243,90,100,0,0,0,0,0,0,0,0,0,5,0,1,0,0,1,0,0,1,0,0,1,0,15,5,0,0,0,-1,0,0,0,
"to_arctic_1                 ",140.4,68.4,142.201,68.038,90,100,0,0,0,0,0,0,0,0,15,5,0,5,0,0,1,0,0,1,0,0,1,0,0,5,0,0,0,-1,0,0,0,
"tottoriaa                   ",134.728,35.379,135.118,35.32,90,100,0,0,0,0,0,0,0,0,15,5,0,1,0,0,1,0,0,1,0,0,1,0,15,5,0,0,0,-1,0,0,0,
"tottoriab                   ",131.594,34.186,131.963,34.644,90,100,0,0,0,0,0,0,0,0,15,5,0,1,0,0,1,0,0,1,0,0,1,0,15,5,0,0,0,-1,0,0,0,
"tottoriab                   ",135.118,35.32,135.303,35.245,90,100,0,0,0,0,0,0,0,0,15,5,0,1,0,0,1,0,0,1,0,0,1,0,15,5,0,0,0,-1,0,0,0,
"tottoribaa                  ",135.303,35.245,135.522,35.147,90,100,0,0,0,0,0,0,0,0,15,5,0,1,0,0,1,0,0,1,0,0,1,0,15,5,0,0,0,-1,0,0,0,
"tottoribaaa                 ",131.963,34.644,133.094,35.291,90,100,0,0,0,0,0,0,0,0,15,5,0,1,0,0,1,0,0,1,0,0,1,0,15,5,0,0,0,-1,0,0,0,
"tottoribaab                 ",133.094,35.291,133.566,35.362,90,100,0,0,0,0,0,0,0,0,15,5,0,1,0,0,1,0,0,1,0,0,1,0,15,5,0,0,0,-1,0,0,0,
"tottoribab                  ",133.566,35.362,134.728,35.379,90,100,0,0,0,0,0,0,0,0,15,5,0,1,0,0,1,0,0,1,0,0,1,0,15,5,0,0,0,-1,0,0,0,
"tottoribab                  ",135.522,35.147,135.61,35.094,90,100,0,0,0,0,0,0,0,0,15,5,0,1,0,0,1,0,0,1,0,0,1,0,15,5,0,0,0,-1,0,0,0,
"tottoribba                  ",135.61,35.094,135.693,34.992,90,100,0,0,0,0,0,0,0,0,15,5,0,1,0,0,1,0,0,1,0,0,1,0,15,5,0,0,0,-1,0,0,0,
"tottoribbb                  ",135.693,34.992,135.73,34.862,90,100,0,0,0,0,0,0,0,0,15,5,0,1,0,0,1,0,0,1,0,0,1,0,15,5,0,0,0,-1,0,0,0,
"wcoast_honshuaabbab         ",139.419,38.021,139.476,38.09,135,100,0,0,0,0,0,0,0,0,0,5,0,1,0,0,1,0,0,1,0,0,1,0,15,5,0,0,0,-1,0,0,0,
"wcoast_honshuaabbbaa        ",139.476,38.09,139.497,38.249,135,100,0,0,0,0,0,0,0,0,0,5,0,1,0,0,1,0,0,1,0,0,1,0,15,5,0,0,0,-1,0,0,0,
"wcoast_honshuaabbbab        ",139.497,38.249,139.533,38.307,135,100,0,0,0,0,0,0,0,0,0,5,0,1,0,0,1,0,0,1,0,0,1,0,15,5,0,0,0,-1,0,0,0,
"wcoast_honshuaabbbba        ",139.533,38.307,139.524,38.574,90,100,0,0,0,0,0,0,0,0,15,5,0,1,0,0,1,0,0,1,0,0,1,0,15,5,0,0,0,-1,0,0,0,
"wcoast_honshuaabbbbb        ",139.524,38.574,139.549,38.891,90,100,0,0,0,0,0,0,0,0,15,5,0,1,0,0,1,0,0,1,0,0,1,0,15,5,0,0,0,-1,0,0,0,
"wcoast_honshuaba            ",139.549,38.891,139.569,39.051,90,100,0,0,0,0,0,0,0,0,15,5,0,1,0,0,1,0,1.5,1,0,0,1,0,15,5,0,0,0,-1,0,0,0,
"wcoast_honshuabba           ",139.569,39.051,139.588,39.272,90,100,0,0,0,0,0,0,0,0,15,5,0,1,0,0,1,0,1.5,1,0,0,1,0,15,5,0,0,0,-1,0,0,0,
"wcoast_honshuabbb           ",139.588,39.272,139.598,39.419,90,100,0,0,0,0,0,0,0,0,15,5,0,1,0,0,1,0,1.5,1,0,0,1,0,15,5,0,0,0,-1,0,0,0,
"wcoasthokkab                ",139.928,43.765,139.825,44.242,45,100,0,0,0,0,0,0,0,0,15,5,0,1,0,0,1,0,0,1,0,0,1,0,15,5,0,0,0,-1,0,0,0,
"wcoasthokkb                 ",139.825,44.242,139.723,44.907,45,100,0,0,0,0,0,0,0,0,15,5,0,1,0,0,1,0,0,1,0,0,1,0,15,5,0,0,0,-1,0,0,0,
"whokk-soj                   ",140.076,43.273,139.928,43.765,45,100,0,0,0,0,0,0,0,0,15,5,0,1,0,0,1,0,0,1,0,0,1,0,15,5,0,0,0,-1,0,0,0,
"wncsz                       ",131.263,33.412,131.594,34.186,90,100,0,0,0,0,0,0,0,0,15,5,0,1,0,0,1,0,0,1,0,0,1,0,15,5,0,0,0,-1,0,0,0,
"yamanobeaa                  ",139.899,36.991,139.9,37.545,135,100,0,0,0,0,0,0,0,0,15,5,0,1,0,0,1,0,0,1,0,0,1,0,15,5,0,0,0,-1,0,0,0,
"yamanobeaa                  ",140.268,38.392,140.26,38.278,135,100,0,0,0,0,0,0,0,0,15,5,0,1,0,0,1,0,0,1,0,0,1,0,15,5,0,0,0,-1,0,0,0,
"yamanobeab                  ",140.26,38.278,140.264,38.141,45,100,0,0,0,0,0,0,0,0,15,5,0,1,0,0,1,0,0,1,0,0,1,0,15,5,0,0,0,-1,0,0,0,
"yamanobeabaa                ",139.9,37.545,140.041,37.831,135,100,0,0,0,0,0,0,0,0,15,5,0,1,0,0,1,0,0,1,0,0,1,0,15,5,0,0,0,-1,0,0,0,
"yamanobeb                   ",140.264,38.141,140.041,37.831,135,100,0,0,0,0,0,0,0,0,15,5,0,1,0,0,1,0,0,1,0,0,1,0,15,5,0,0,0,-1,0,0,0,
"yamanobebaab                ",140.268,38.392,140.381,38.492,135,100,0,0,0,0,0,0,0,0,15,5,0,1,0,0,1,0,0,1,0,0,1,0,15,5,0,0,0,-1,0,0,0,
"yamanobebaba                ",140.381,38.492,140.415,38.635,135,100,0,0,0,0,0,0,0,0,15,5,0,1,0,0,1,0,0,1,0,0,1,0,15,5,0,0,0,-1,0,0,0,
"yamanobebabb                ",140.415,38.635,140.495,38.814,135,100,0,0,0,0,0,0,0,0,15,5,0,1,0,0,1,0,0,1,0,0,1,0,15,5,0,0,0,-1,0,0,0,
"yamanobebba                 ",140.495,38.814,140.647,39.013,135,100,0,0,0,0,0,0,0,0,15,5,0,1,0,0,1,0,0,1,0,0,1,0,15,5,0,0,0,-1,0,0,0,
"yamanobebbb                 ",140.647,39.013,140.706,39.206,135,100,0,0,0,0,0,0,0,0,15,5,0,1,0,0,1,0,0,1,0,0,1,0,15,5,0,0,0,-1,0,0,0,
"yang-sechina                ",123.328,31.462,126.265,34.247,90,100,0,0,0,0,0,0,0,0,15,5,0,1,0,0,1,0,0,1,0,0,1,0,15,5,0,0,0,-1,0,0,0,
"yang-sum                    ",111.525,22.04,113.588,18.243,90,100,0,0,0,0,0,0,0,0,15,5,0,1,0,0,1,0,0,1,0,0,1,0,15,5,0,0,0,-1,0,0,0,
"yang1a                      ",123.328,31.462,124.833,31.596,90,100,0,0,0,0,0,0,0,0,15,5,0,1,0,0,1,0,0,1,0,0,1,0,15,5,0,0,0,-1,0,0,0,
"yang1ba                     ",124.833,31.596,126.739,32.05,90,100,0,0,0,0,0,0,0,0,15,5,0,1,0,0,1,0,0,1,0,0,1,0,15,5,0,0,0,-1,0,0,0,
"yang1bb                     ",126.739,32.05,128.955,32.376,90,100,0,0,0,0,0,0,0,0,15,5,0,1,0,0,1,0,0,1,0,0,1,0,15,5,0,0,0,-1,0,0,0,
"yang2a                      ",123.328,31.462,121.08,31.583,90,100,0,0,0,0,0,0,0,0,15,5,0,1,0,0,1,0,0,1,0,0,1,0,15,5,0,0,0,-1,0,0,0,
"yang2b                      ",121.08,31.583,119.714,31.187,90,100,0,0,0,0,0,0,0,0,15,5,0,1,0,0,1,0,0,1,0,0,1,0,15,5,0,0,0,-1,0,0,0,
"yang3a                      ",119.714,31.187,118.975,31.394,90,100,0,0,0,0,0,0,0,0,15,5,0,1,0,0,1,0,0,1,0,0,1,0,15,5,0,0,0,-1,0,0,0,
"yang3b                      ",118.975,31.394,115.004,34.797,90,100,0,0,0,0,0,0,0,0,15,5,0,1,0,0,1,0,0,1,0,0,1,0,15,5,0,0,0,-1,0,0,0,
"yang4a                      ",115.004,34.797,113.577,34.831,90,100,0,0,0,0,0,0,0,0,15,5,0,1,0,0,1,0,0,1,0,0,1,0,15,5,0,0,0,-1,0,0,0,
"yang4b                      ",113.577,34.831,110.975,30.784,90,100,0,0,0,0,0,0,0,0,15,5,0,1,0,0,1,0,0,1,0,0,1,0,15,5,0,0,0,-1,0,0,0,
"yang5                       ",110.975,30.784,105.475,28.828,90,100,0,0,0,0,0,0,0,0,15,5,0,1,0,0,1,0,0,1,0,0,1,0,15,5,0,0,0,-1,0,0,0,
"yang6a                      ",105.475,28.828,105.062,26.642,90,100,0,0,0,0,0,0,0,0,15,5,0,1,0,0,1,0,0,1,0,0,1,0,15,5,0,0,0,-1,0,0,0,
"yang6b                      ",105.062,26.642,107.4,23.535,90,100,0,0,0,0,0,0,0,0,15,5,0,1,0,0,1,0,0,1,0,0,1,0,15,5,0,0,0,-1,0,0,0,
"yang7                       ",107.4,23.535,111.525,22.04,90,100,0,0,0,0,0,0,0,0,15,5,0,1,0,0,1,0,0,1,0,0,1,0,15,5,0,0,0,-1,0,0,0,
"yoroaaa                     ",136.55,34.794,136.596,34.917,90,100,0,0,0,0,0,0,0,0,15,5,0,1,0,0,1,0,0,1,0,0,1,0,15,5,0,0,0,-1,0,0,0,
"yoroaabaa                   ",136.596,34.917,136.593,34.97,90,100,0,0,0,0,0,0,0,0,15,5,0,1,0,0,1,0,0,1,0,0,1,0,15,5,0,0,0,-1,0,0,0,
"yoroaababa                  ",136.593,34.97,136.655,35.056,90,100,0,0,0,0,0,0,0,0,15,5,0,1,0,0,1,0,0,1,0,0,1,0,15,5,0,0,0,-1,0,0,0,
"yoroaababb                  ",136.655,35.056,136.639,35.094,90,100,0,0,0,0,0,0,0,0,15,5,0,1,0,0,1,0,0,1,0,0,1,0,15,5,0,0,0,-1,0,0,0,
"yoroaabb                    ",136.639,35.094,136.623,35.128,90,100,0,0,0,0,0,0,0,0,15,5,0,1,0,0,1,0,0,1,0,0,1,0,15,5,0,0,0,-1,0,0,0,
"yoroabaa                    ",136.623,35.128,136.526,35.358,90,100,0,0,0,0,0,0,0,0,15,5,0,1,0,0,1,0,0,1,0,0,1,0,15,5,0,0,0,-1,0,0,0,
"yoroabab                    ",136.526,35.358,136.415,35.396,90,100,0,0,0,0,0,0,0,0,15,5,0,1,0,0,1,0,0,1,0,0,1,0,15,5,0,0,0,-1,0,0,0,
"yoroabb                     ",136.415,35.396,136.235,35.509,90,100,0,0,0,0,0,0,0,0,15,5,0,1,0,0,1,0,0,1,0,0,1,0,15,5,0,0,0,-1,0,0,0,
"yorob                       ",136.235,35.509,136.133,35.711,90,100,0,0,0,0,0,0,0,0,15,5,0,1,0,0,1,0,0,1,0,0,1,0,15,5,0,0,0,-1,0,0,0,

